country,group_0_1,group_1_5,group_6_9,group_10_14,group_15_19,group_0_19,group_20_29,group_30_39,group_40_49,group_50_59,group_60_69,group_70_79,group_80_89,group_90,date
Bulgaria,,,,,,162,221,395,461,547,504,261,99,18,2020-06-06
Bulgaria,,,,,,167,228,403,471,554,508,262,100,18,2020-06-07
Bulgaria,,,,,,167,231,408,474,557,510,262,100,18,2020-06-08
Bulgaria,,,,,,169,240,429,494,582,513,264,101,18,2020-06-09
Bulgaria,,,,,,181,244,441,510,601,521,271,102,18,2020-06-10
Bulgaria,,,,,,196,254,461,528,622,533,275,105,19,2020-06-11
Bulgaria,,,,,,208,261,470,542,643,548,286,109,19,2020-06-12
Bulgaria,,,,,,217,269,486,562,675,557,296,110,19,2020-06-13
Bulgaria,,,,,,228,271,496,577,691,570,303,111,19,2020-06-14
Bulgaria,,,,,,233,272,500,582,695,573,304,112,19,2020-06-15
Bulgaria,,,,,,240,278,504,595,705,579,309,112,19,2020-06-16
Bulgaria,,,,,,257,289,527,618,720,588,321,114,19,2020-06-17
Bulgaria,,,,,,267,293,542,633,734,612,327,115,19,2020-06-18
Bulgaria,,,,,,279,310,561,657,765,627,338,118,19,2020-06-19
Bulgaria,,,,,,281,315,574,673,777,653,342,121,19,2020-06-20
Bulgaria,,,,,,294,322,587,700,800,672,352,126,19,2020-06-21
Bulgaria,,,,,,296,324,594,709,808,676,353,126,19,2020-06-22
Bulgaria,,,,,,297,335,608,720,826,691,360,128,19,2020-06-23
Bulgaria,,,,,,305,347,638,738,854,712,370,131,19,2020-06-24
Bulgaria,,,,,,311,368,652,769,878,733,381,131,19,2020-06-25
Bulgaria,,,,,,328,393,684,803,903,752,390,136,19,2020-06-26
Bulgaria,,,,,,338,408,705,823,927,765,392,136,19,2020-06-27
Bulgaria,,,,,,341,435,723,843,949,779,399,137,19,2020-06-28
Bulgaria,,,,,,342,441,733,861,966,789,402,138,19,2020-06-29
Bulgaria,,,,,,348,456,762,892,1001,801,409,143,19,2020-06-30
Bulgaria,,,,,,359,478,792,922,1032,822,420,145,19,2020-07-01
Bulgaria,,,,,,378,503,815,952,1064,849,426,148,19,2020-07-02
Bulgaria,,,,,,401,536,839,978,1092,863,435,152,19,2020-07-03
Bulgaria,,,,,,433,559,874,1009,1118,885,445,154,20,2020-07-04
Bulgaria,,,,,,477,590,901,1030,1138,904,457,159,21,2020-07-05
Bulgaria,,,,,,480,598,907,1039,1156,919,461,159,21,2020-07-06
Bulgaria,,,,,,514,629,945,1064,1181,929,470,161,21,2020-07-07
Bulgaria,,,,,,540,667,983,1097,1204,950,478,162,21,2020-07-08
Bulgaria,,,,,,588,739,1033,1126,1217,963,490,165,21,2020-07-09
Bulgaria,,,,,,632,802,1090,1184,1277,1000,498,168,21,2020-07-10
Bulgaria,,,,,,680,868,1146,1227,1323,1020,510,168,22,2020-07-11
Bulgaria,,,,,,707,911,1180,1265,1354,1044,521,171,22,2020-07-12
Bulgaria,,,,,,716,926,1190,1278,1370,1053,524,173,22,2020-07-13
Bulgaria,,,,,,740,955,1217,1304,1391,1068,538,176,22,2020-07-14
Bulgaria,,,,,,765,987,1263,1346,1433,1095,555,177,24,2020-07-15
Bulgaria,,,,,,797,1029,1302,1391,1460,1122,572,180,24,2020-07-16
Bulgaria,,,,,,816,1072,1358,1452,1503,1148,589,181,25,2020-07-17
Bulgaria,,,,,,846,1116,1425,1507,1558,1173,605,187,25,2020-07-18
Bulgaria,,,,,,869,1142,1456,1544,1590,1198,623,191,25,2020-07-19
Bulgaria,,,,,,877,1161,1473,1561,1608,1209,628,191,25,2020-07-20
Bulgaria,,,,,,901,1191,1513,1602,1634,1234,636,193,25,2020-07-21
Bulgaria,,,,,,928,1258,1561,1655,1693,1281,658,195,25,2020-07-22
Bulgaria,,,,,,960,1306,1614,1720,1750,1327,678,204,25,2020-07-23
Bulgaria,,,,,,985,1345,1667,1760,1801,1364,696,210,25,2020-07-24
Bulgaria,,,,,,1008,1371,1711,1818,1850,1402,719,217,27,2020-07-25
Bulgaria,,,,,,1029,1416,1735,1854,1878,1425,728,220,27,2020-07-26
Bulgaria,,,,,,1040,1432,1753,1879,1896,1440,736,224,27,2020-07-27
Bulgaria,,,,,,1055,1442,1792,1913,1926,1477,758,231,27,2020-07-28
Bulgaria,,,,,,1070,1459,1830,1964,1980,1522,784,235,27,2020-07-29
Bulgaria,,,,,,1088,1491,1876,2002,2033,1567,812,258,28,2020-07-30
Bulgaria,,,,,,1102,1521,1922,2052,2088,1603,836,268,28,2020-07-31
Bulgaria,,,,,,1108,1544,1949,2112,2135,1640,870,298,34,2020-08-01
Bulgaria,,,,,,1115,1556,1968,2138,2154,1667,887,315,36,2020-08-02
Bulgaria,,,,,,1116,1557,1976,2157,2174,1685,910,340,40,2020-08-03
Bulgaria,,,,,,1129,1580,2004,2202,2226,1708,926,343,41,2020-08-04
Bulgaria,,,,,,1143,1603,2045,2238,2277,1763,953,351,41,2020-08-05
Bulgaria,,,,,,1158,1628,2095,2305,2341,1796,983,368,43,2020-08-06
Bulgaria,,,,,,1179,1660,2140,2357,2396,1841,1010,384,47,2020-08-07
Bulgaria,,,,,,1185,1692,2161,2384,2449,1868,1032,391,47,2020-08-08
Bulgaria,,,,,,1191,1702,2181,2408,2475,1899,1047,393,47,2020-08-09
Bulgaria,,,,,,1193,1705,2187,2420,2485,1912,1051,396,47,2020-08-10
Bulgaria,,,,,,1198,1714,2200,2443,2519,1929,1062,400,47,2020-08-11
Bulgaria,,,,,,1240,1727,2223,2474,2554,1970,1081,405,48,2020-08-12
Bulgaria,,,,,,1247,1743,2252,2510,2582,2001,1097,413,48,2020-08-13
Bulgaria,,,,,,1260,1758,2277,2552,2618,2026,1109,421,48,2020-08-14
Bulgaria,,,,,,1268,1773,2300,2577,2656,2063,1127,430,49,2020-08-15
Bulgaria,,,,,,1274,1780,2316,2588,2678,2078,1135,435,49,2020-08-16
Bulgaria,,,,,,1275,1784,2320,2593,2683,2086,1140,435,49,2020-08-17
Bulgaria,,,,,,1283,1798,2340,2619,2709,2111,1152,439,49,2020-08-18
Bulgaria,,,,,,1294,1809,2364,2641,2748,2146,1169,446,52,2020-08-19
Bulgaria,,,,,,1300,1818,2385,2669,2784,2178,1181,453,52,2020-08-20
Bulgaria,,,,,,1303,1838,2410,2688,2804,2205,1198,461,55,2020-08-21
Bulgaria,,,,,,1314,1850,2429,2720,2824,2241,1229,469,55,2020-08-22
Bulgaria,,,,,,1318,1866,2452,2731,2845,2250,1240,470,55,2020-08-23
Bulgaria,,,,,,1321,1870,2462,2739,2857,2263,1247,473,55,2020-08-24
Bulgaria,,,,,,1325,1878,2476,2756,2877,2287,1251,480,56,2020-08-25
Bulgaria,,,,,,1308,1903,2520,2802,2915,2323,1279,483,56,2020-08-26
Bulgaria,,,,,,1318,1918,2539,2828,2945,2363,1296,487,57,2020-08-27
Bulgaria,,,,,,1329,1943,2563,2853,2971,2387,1312,493,57,2020-08-28
Bulgaria,,,,,,1341,1957,2591,2877,3004,2404,1336,498,57,2020-08-29
Bulgaria,,,,,,1344,1967,2602,2897,3021,2426,1347,502,58,2020-08-30
Bulgaria,,,,,,1344,1970,2604,2900,3022,2434,1352,506,58,2020-08-31
Bulgaria,,,,,,1347,1979,2620,2915,3032,2450,1355,509,59,2020-09-01
Bulgaria,,,,,,1354,1992,2648,2946,3065,2486,1384,520,59,2020-09-02
Bulgaria,,,,,,1363,2012,2673,2979,3091,2515,1401,524,59,2020-09-03
Bulgaria,,,,,,1372,2031,2693,3000,3114,2548,1424,533,60,2020-09-04
Bulgaria,,,,,,1379,2064,2732,3025,3151,2569,1438,535,61,2020-09-05
Bulgaria,,,,,,1383,2074,2755,3031,3170,2579,1450,545,63,2020-09-06
Bulgaria,,,,,,1385,2078,2761,3037,3177,2588,1453,547,63,2020-09-07
Bulgaria,,,,,,1394,2083,2770,3040,3194,2595,1456,551,63,2020-09-08
Bulgaria,,,,,,1406,2103,2799,3067,3225,2622,1473,555,63,2020-09-09
Bulgaria,,,,,,1411,2117,2816,3087,3256,2643,1485,557,63,2020-09-10
Bulgaria,,,,,,1421,2131,2847,3112,3289,2675,1501,558,64,2020-09-11
Bulgaria,,,,,,1428,2153,2897,3148,3326,2704,1516,562,65,2020-09-12
Bulgaria,,,,,,1430,2161,2915,3170,3342,2717,1524,567,65,2020-09-13
Bulgaria,,,,,,1430,2162,2920,3173,3345,2729,1525,569,65,2020-09-14
Bulgaria,,,,,,1432,2182,2934,3200,3379,2759,1535,575,65,2020-09-15
Bulgaria,,,,,,1440,2192,2957,3222,3409,2799,1555,577,65,2020-09-16
Bulgaria,,,,,,1452,2208,2995,3258,3425,2827,1574,585,66,2020-09-17
Bulgaria,,,,,,1460,2220,3014,3284,3467,2853,1592,587,67,2020-09-18
Bulgaria,,,,,,1472,2245,3040,3315,3508,2885,1608,593,67,2020-09-19
Bulgaria,,,,,,1482,2251,3050,3331,3532,2899,1613,594,67,2020-09-20
Bulgaria,,,,,,1487,2251,3056,3339,3539,2909,1620,595,67,2020-09-21
Bulgaria,,,,,,1505,2264,3079,3366,3570,2931,1633,599,67,2020-09-22
Bulgaria,,,,,,1514,2274,3099,3392,3583,2948,1643,603,67,2020-09-23
Bulgaria,,,,,,1529,2287,3123,3416,3614,2978,1664,605,67,2020-09-24
Bulgaria,,,,,,1545,2310,3174,3475,3675,3013,1699,615,67,2020-09-25
Bulgaria,,,,,,1565,2331,3209,3523,3723,3065,1716,628,68,2020-09-26
Bulgaria,,,,,,1583,2345,3225,3562,3755,3094,1727,638,68,2020-09-27
Bulgaria,,,,,,1588,2352,3237,3575,3764,3098,1733,640,68,2020-09-28
Bulgaria,,,,,,1597,2369,3258,3616,3828,3137,1756,642,68,2020-09-29
Bulgaria,,,,,,1620,2400,3303,3674,3871,3185,1777,649,68,2020-09-30
Bulgaria,,,,,,1646,2443,3338,3728,3931,3226,1793,658,70,2020-10-01
Bulgaria,,,,,,1668,2474,3374,3768,3977,3277,1818,670,70,2020-10-02
Bulgaria,,,,,,1681,2501,3414,3813,4031,3310,1845,671,70,2020-10-03
Bulgaria,,,,,,1696,2523,3455,3847,4048,3339,1859,681,70,2020-10-04
Bulgaria,,,,,,1704,2532,3466,3860,4059,3348,1867,681,70,2020-10-05
Bulgaria,,,,,,1724,2577,3510,3908,4118,3379,1890,692,72,2020-10-06
Bulgaria,,,,,,1750,2624,3584,4014,4207,3431,1925,699,72,2020-10-07
Bulgaria,,,,,,1775,2668,3659,4101,4292,3509,1951,716,72,2020-10-08
Bulgaria,,,,,,1809,2736,3744,4210,4389,3590,1987,721,73,2020-10-09
Bulgaria,,,,,,1859,2800,3848,4335,4505,3688,2028,735,73,2020-10-10
Bulgaria,,,,,,1889,2868,3927,4421,4580,3755,2055,751,73,2020-10-11
Bulgaria,,,,,,1892,2882,3942,4443,4593,3764,2060,752,74,2020-10-12
Bulgaria,,,,,,1931,2942,4042,4555,4722,3853,2097,771,76,2020-10-13
Bulgaria,,,,,,1972,3022,4182,4722,4878,3972,2161,788,77,2020-10-14
Bulgaria,,,,,,2033,3126,4343,4892,5039,4072,2204,806,78,2020-10-15
Bulgaria,,,,,,2093,3253,4502,5060,5210,4210,2277,822,80,2020-10-16
Bulgaria,,,,,,2133,3362,4708,5279,5416,4348,2335,843,81,2020-10-17
Bulgaria,,,,,,2183,3442,4815,5386,5542,4423,2374,860,83,2020-10-18
Bulgaria,,,,,,2198,3499,4917,5466,5622,4459,2393,866,83,2020-10-19
Bulgaria,,,,,,2262,3600,5092,5669,5837,4633,2467,880,87,2020-10-20
Bulgaria,,,,,,2352,3791,5365,5953,6068,4781,2562,903,88,2020-10-21
Bulgaria,,,,,,2439,4006,5611,6261,6325,4971,2675,954,93,2020-10-22
Bulgaria,,,,,,2560,4231,5918,6565,6615,5185,2765,991,100,2020-10-23
Bulgaria,,,,,,2654,4411,6175,6963,6934,5414,2850,1011,107,2020-10-24
Bulgaria,,,,,,2713,4537,6420,7166,7100,5546,2932,1036,112,2020-10-25
Bulgaria,,,,,,2736,4645,6465,7208,7145,5590,2944,1044,112,2020-10-26
Bulgaria,,,,,,2853,4897,6931,7759,7563,5871,3063,1080,115,2020-10-27
Bulgaria,,,,,,2996,5245,7449,8363,8030,6199,3184,1116,119,2020-10-28
Bulgaria,,,,,,3136,5599,8026,8966,8565,6559,3332,1156,122,2020-10-29
Bulgaria,,,,,,3291,5908,8592,9572,9072,6907,3486,1197,125,2020-10-30
Bulgaria,,,,,,3483,6223,9132,10218,9635,7308,3665,1247,130,2020-10-31
Bulgaria,,,,,,3568,6418,9510,10614,9978,7548,3786,1290,132,2020-11-01
Bulgaria,,,,,,3619,6567,9771,10911,10225,7676,3858,1306,136,2020-11-02
Bulgaria,,,,,,3727,6836,10250,11459,10679,8028,4024,1355,138,2020-11-03
Bulgaria,,,,,,3882,7211,11053,12386,11513,8585,4301,1455,151,2020-11-04
Bulgaria,,,,,,4034,7620,11841,13307,12322,9188,4574,1548,157,2020-11-05
Bulgaria,,,,,,4196,8020,12568,14108,13074,9746,4842,1626,165,2020-11-06
Bulgaria,,,,,,4346,8397,13268,14900,13856,10364,5174,1704,175,2020-11-07
Bulgaria,,,,,,4436,8626,13696,15397,14284,10745,5351,1770,180,2020-11-08
Bulgaria,,,,,,4466,8698,13833,15531,14401,10853,5419,1778,181,2020-11-09
Bulgaria,,,,,,4583,9040,14553,16407,15195,11443,5703,1865,187,2020-11-10
Bulgaria,,,,,,4707,9490,15356,17357,16118,12133,6027,1982,196,2020-11-11
Bulgaria,,,,,,4806,9821,16061,18177,16963,12809,6374,2097,203,2020-11-12
Bulgaria,,,,,,4887,10094,16662,18943,17715,13353,6659,2197,215,2020-11-13
Bulgaria,,,,,,4997,10484,17380,19817,18647,14004,7077,2310,221,2020-11-14
Bulgaria,,,,,,5067,10716,17802,20333,19127,14471,7316,2374,229,2020-11-15
Bulgaria,,,,,,5075,10775,17911,20495,19310,14633,7423,2399,230,2020-11-16
Bulgaria,,,,,,5145,11080,18568,21233,20048,15250,7710,2501,235,2020-11-17
Bulgaria,,,,,,5256,11482,19399,22261,21088,16079,8143,2640,250,2020-11-18
Bulgaria,,,,,,5340,11793,20027,23042,21971,16808,8544,2753,258,2020-11-19
Bulgaria,,,,,,5438,12134,20635,23782,22859,17469,8948,2891,279,2020-11-20
Bulgaria,,,,,,5526,12458,21264,24533,23702,18208,9351,3072,304,2020-11-21
Bulgaria,,,,,,5586,12622,21597,24982,24177,18606,9614,3193,320,2020-11-22
Bulgaria,,,,,,5606,12694,21763,25197,24387,18834,9761,3250,328,2020-11-23
Bulgaria,,,,,,5666,12957,22258,25852,25088,19365,10088,3359,333,2020-11-24
Bulgaria,,,,,,5772,13258,22938,26753,26118,20140,10545,3477,347,2020-11-25
Bulgaria,,,,,,5861,13573,23506,27466,26913,20831,10946,3602,362,2020-11-26
Bulgaria,,,,,,5929,13821,23999,28131,27683,21561,11375,3757,372,2020-11-27
Bulgaria,,,,,,6010,14062,24516,28745,28358,22240,11764,3879,381,2020-11-28
Bulgaria,,,,,,6044,14199,24782,29026,28733,22608,11999,3967,389,2020-11-29
Bulgaria,,,,,,6059,14252,24897,29152,28890,22752,12092,4001,391,2020-11-30
Bulgaria,,,,,,6120,14430,25284,29739,29495,23307,12415,4104,406,2020-12-01
Bulgaria,,,,,,6177,14678,25777,30393,30306,24006,12778,4245,415,2020-12-02
Bulgaria,,,,,,6230,14895,26252,30955,30980,24612,13177,4388,424,2020-12-03
Bulgaria,,,,,,6272,15129,26725,31563,31672,25246,13638,4519,429,2020-12-04
Bulgaria,,,,,,6350,15349,27235,32243,32469,25967,14063,4685,446,2020-12-05
Bulgaria,,,,,,6400,15491,27535,32649,32879,26365,14304,4771,450,2020-12-06
Bulgaria,,,,,,6421,15546,27628,32748,32971,26474,14384,4796,453,2020-12-07
Bulgaria,,,,,,6457,15696,27984,33274,33570,27068,14742,4930,464,2020-12-08
Bulgaria,,,,,,6506,15950,28569,34029,34478,27875,15215,5070,473,2020-12-09
Bulgaria,,,,,,6564,16176,28984,34615,35174,28566,15696,5233,485,2020-12-10
Bulgaria,,,,,,6630,16377,29379,35145,35821,29221,16116,5381,498,2020-12-11
Bulgaria,,,,,,6676,16563,29755,35666,36512,29872,16575,5531,515,2020-12-12
Bulgaria,,,,,,6693,16636,29925,35880,36784,30155,16770,5589,520,2020-12-13
Bulgaria,,,,,,6710,16657,29986,35957,36885,30256,16859,5617,522,2020-12-14
Bulgaria,,,,,,6739,16764,30246,36307,37390,30691,17160,5715,532,2020-12-15
Bulgaria,,,,,,6771,16911,30599,36768,37988,31291,17602,5817,540,2020-12-16
Bulgaria,,,,,,6797,17027,30805,37096,38404,31751,17892,5926,548,2020-12-17
Bulgaria,,,,,,6816,17164,31065,37409,38791,32184,18264,6040,555,2020-12-18
Bulgaria,,,,,,6843,17256,31266,37680,39137,32567,18549,6161,568,2020-12-19
Bulgaria,,,,,,6863,17315,31368,37831,39331,32789,18720,6238,574,2020-12-20
Bulgaria,,,,,,6865,17327,31385,37857,39366,32834,18736,6251,574,2020-12-21
Bulgaria,,,,,,6886,17406,31527,38049,39628,33096,18960,6337,583,2020-12-22
Bulgaria,,,,,,6925,17509,31717,38313,39983,33502,19258,6467,597,2020-12-23
Bulgaria,,,,,,6945,17594,31918,38560,40308,33837,19546,6573,605,2020-12-24
Bulgaria,,,,,,6970,17634,31990,38684,40450,34013,19684,6620,613,2020-12-25
Bulgaria,,,,,,6972,17653,32030,38717,40504,34058,19724,6643,614,2020-12-26
Bulgaria,,,,,,6981,17677,32087,38776,40595,34154,19808,6687,619,2020-12-27
Bulgaria,,,,,,6986,17698,32119,38837,40655,34228,19868,6704,621,2020-12-28
Bulgaria,,,,,,6991,17721,32150,38894,40714,34292,19932,6733,626,2020-12-29
Bulgaria,,,,,,7021,17797,32328,39129,41003,34590,20154,6842,627,2020-12-30
Bulgaria,,,,,,7055,17913,32536,39402,41357,34946,20438,6940,633,2020-12-31
Bulgaria,,,,,,7079,17977,32653,39562,41575,35163,20615,7000,642,2021-01-01
Bulgaria,,,,,,7084,17992,32703,39614,41621,35211,20662,7011,642,2021-01-02
Bulgaria,,,,,,7091,18013,32744,39667,41676,35269,20743,7031,646,2021-01-03
Bulgaria,,,,,,7103,18025,32770,39690,41716,35295,20762,7042,648,2021-01-04
Bulgaria,,,,,,7126,18106,32904,39854,41918,35488,20912,7120,652,2021-01-05
Bulgaria,,,,,,7162,18206,33090,40056,42161,35742,21125,7185,663,2021-01-06
Bulgaria,,,,,,7188,18289,33218,40229,42333,35925,21290,7253,667,2021-01-07
Bulgaria,,,,,,7214,18366,33334,40368,42494,36093,21416,7304,670,2021-01-08
Bulgaria,,,,,,7242,18428,33423,40492,42618,36219,21546,7365,679,2021-01-09
Bulgaria,,,,,,7253,18466,33487,40554,42682,36299,21596,7387,682,2021-01-10
Bulgaria,,,,,,7256,18475,33498,40568,42707,36315,21615,7393,684,2021-01-11
Bulgaria,,,,,,7276,18522,33581,40672,42820,36434,21694,7445,687,2021-01-12
Bulgaria,,,,,,7299,18584,33688,40806,42947,36558,21821,7481,697,2021-01-13
Bulgaria,,,,,,7316,18609,33764,40895,43043,36664,21918,7509,698,2021-01-14
Bulgaria,,,,,,7334,18641,33851,40980,43150,36764,21990,7538,703,2021-01-15
Bulgaria,,,,,,7355,18682,33919,41066,43228,36877,22080,7583,713,2021-01-16
Bulgaria,,,,,,7364,18700,33947,41106,43266,36925,22112,7600,716,2021-01-17
Bulgaria,,,,,,7370,18706,33956,41115,43274,36947,22127,7602,716,2021-01-18
Bulgaria,,,,,,7391,18745,34037,41229,43375,37036,22222,7629,719,2021-01-19
Bulgaria,,,,,,7408,18776,34117,41328,43488,37136,22299,7655,720,2021-01-20
Bulgaria,,,,,,7424,18813,34181,41400,43575,37236,22374,7685,721,2021-01-21
Bulgaria,,,,,,7438,18843,34263,41482,43656,37318,22435,7706,723,2021-01-22
Bulgaria,,,,,,7460,18880,34353,41577,43769,37417,22512,7737,725,2021-01-23
Bulgaria,,,,,,7474,18906,34392,41632,43818,37459,22546,7742,727,2021-01-24
Bulgaria,,,,,,7480,18916,34407,41655,43833,37481,22565,7751,729,2021-01-25
Bulgaria,,,,,,7511,18970,34507,41802,43988,37626,22662,7790,733,2021-01-26
Bulgaria,,,,,,7543,19035,34612,41971,44164,37788,22750,7819,734,2021-01-27
Bulgaria,,,,,,7566,19072,34701,42081,44290,37893,22823,7850,738,2021-01-28
Bulgaria,,,,,,7593,19108,34786,42198,44406,38008,22874,7861,740,2021-01-29
Bulgaria,,,,,,7625,19152,34882,42325,44542,38133,22973,7891,746,2021-01-30
Bulgaria,,,,,,7647,19185,34934,42390,44606,38188,23009,7913,746,2021-01-31
Bulgaria,,,,,,7650,19193,34957,42414,44633,38206,23029,7917,749,2021-02-01
Bulgaria,,,,,,7673,19247,35071,42558,44824,38376,23133,7945,753,2021-02-02
Bulgaria,,,,,,7724,19318,35230,42758,44997,38550,23236,7978,756,2021-02-03
Bulgaria,,,,,,7748,19371,35330,42884,45150,38688,23328,8009,758,2021-02-04
Bulgaria,,,,,,7779,19433,35474,43046,45324,38832,23455,8045,761,2021-02-05
Bulgaria,,,,,,7811,19512,35613,43208,45497,38998,23562,8092,766,2021-02-06
Bulgaria,,,,,,7833,19546,35686,43299,45608,39083,23619,8110,768,2021-02-07
Bulgaria,,,,,,7840,19554,35715,43328,45642,39117,23650,8118,770,2021-02-08
Bulgaria,,,,,,7874,19639,35885,43539,45884,39321,23767,8167,773,2021-02-09
Bulgaria,,,,,,7921,19709,36084,43771,46144,39552,23896,8209,775,2021-02-10
Bulgaria,,,,,,7949,19768,36237,43924,46334,39734,23998,8252,778,2021-02-11
Bulgaria,,,,,,8000,19842,36389,44099,46551,39940,24135,8304,784,2021-02-12
Bulgaria,,,,,,8045,19923,36527,44263,46746,40126,24240,8353,787,2021-02-13
Bulgaria,,,,,,8065,19979,36618,44370,46805,40213,24303,8375,788,2021-02-14
Bulgaria,,,,,,8073,19988,36650,44394,46826,40255,24319,8385,789,2021-02-15
Bulgaria,,,,,,8103,20058,36799,44588,47060,40449,24468,8428,794,2021-02-16
Bulgaria,,,,,,8153,20161,36996,44834,47327,40716,24643,8468,798,2021-02-17
Bulgaria,,,,,,8195,20251,37191,45072,47565,40956,24803,8508,801,2021-02-18
Bulgaria,,,,,,8232,20327,37359,45276,47767,41152,24965,8548,802,2021-02-19
Bulgaria,,,,,,8289,20449,37581,45543,48055,41418,25149,8603,804,2021-02-20
Bulgaria,,,,,,8315,20489,37659,45654,48157,41506,25214,8639,806,2021-02-21
Bulgaria,,,,,,8328,20511,37706,45713,48184,41542,25227,8649,806,2021-02-22
Bulgaria,,,,,,8395,20645,37980,46119,48554,41899,25457,8728,814,2021-02-23
Bulgaria,,,,,,8476,20775,38234,46473,48895,42238,25678,8800,822,2021-02-24
Bulgaria,,,,,,8536,20899,38500,46771,49226,42565,25919,8880,828,2021-02-25
Bulgaria,,,,,,8618,21025,38784,47124,49581,42913,26120,8950,831,2021-02-26
Bulgaria,,,,,,8687,21176,39020,47411,49889,43223,26357,9029,835,2021-02-27
Bulgaria,,,,,,8730,21273,39203,47608,50071,43417,26478,9085,841,2021-02-28
Bulgaria,,,,,,8745,21286,39244,47663,50128,43499,26527,9103,843,2021-03-01
Bulgaria,,,,,,8850,21471,39618,48142,50635,44013,26844,9203,850,2021-03-02
Bulgaria,,,,,,8956,21631,39974,48590,51140,44447,27129,9304,858,2021-03-03
Bulgaria,,,,,,9007,21721,40167,48811,51340,44652,27284,9341,860,2021-03-04
Bulgaria,,,,,,9092,21885,40445,49261,51782,45057,27565,9430,864,2021-03-05
Bulgaria,,,,,,9225,22123,40884,49850,52356,45608,27939,9528,872,2021-03-06
Bulgaria,,,,,,9275,22238,41123,50078,52634,45861,28138,9586,878,2021-03-07
Bulgaria,,,,,,9297,22271,41178,50151,52725,45961,28223,9620,882,2021-03-08
Bulgaria,,,,,,9393,22498,41614,50760,53320,46520,28569,9740,889,2021-03-09
Bulgaria,,,,,,9533,22760,42135,51416,54029,47188,28989,9853,902,2021-03-10
Bulgaria,,,,,,9671,22984,42517,51894,54557,47705,29346,9991,914,2021-03-11
Bulgaria,,,,,,9790,23257,43002,52497,55106,48247,29745,10132,924,2021-03-12
Bulgaria,,,,,,9936,23503,43454,53113,55679,48836,30151,10253,934,2021-03-13
Bulgaria,,,,,,10028,23684,43806,53474,56016,49176,30412,10339,943,2021-03-14
Bulgaria,,,,,,10046,23738,43898,53589,56136,49310,30507,10386,947,2021-03-15
Bulgaria,,,,,,10231,24074,44607,54493,56992,50153,31086,10590,968,2021-03-16
Bulgaria,,,,,,10403,24435,45267,55338,57848,50923,31600,10761,993,2021-03-17
Bulgaria,,,,,,10580,24805,45926,56162,58610,51648,32108,10927,1003,2021-03-18
Bulgaria,,,,,,10758,25147,46612,56894,59344,52338,32584,11081,1019,2021-03-19
Bulgaria,,,,,,10937,25523,47246,57673,60130,53034,33116,11249,1031,2021-03-20
Bulgaria,,,,,,11049,25745,47661,58142,60589,53470,33436,11344,1044,2021-03-21
Bulgaria,,,,,,11081,25827,47803,58325,60734,53646,33565,11395,1047,2021-03-22
Bulgaria,,,,,,11207,26156,48444,59150,61682,54453,34158,11577,1063,2021-03-23
Bulgaria,,,,,,11352,26547,49139,60061,62660,55394,34774,11741,1073,2021-03-24
Bulgaria,,,,,,11486,26914,49747,60905,63513,56210,35323,11931,1087,2021-03-25
Bulgaria,,,,,,11583,27236,50358,61615,64299,56987,35821,12107,1098,2021-03-26
Bulgaria,,,,,,11714,27616,50914,62347,65084,57753,36419,12271,1115,2021-03-27
Bulgaria,,,,,,11802,27815,51340,62814,65502,58213,36771,12388,1125,2021-03-28
Bulgaria,,,,,,11830,27893,51476,62966,65679,58386,36930,12462,1131,2021-03-29
Bulgaria,,,,,,11940,28244,52081,63752,66595,59241,37567,12688,1142,2021-03-30
Bulgaria,,,,,,12054,28651,52855,64753,67647,60200,38240,12873,1153,2021-03-31
Bulgaria,,,,,,12180,28977,53426,65502,68421,61015,38871,13074,1167,2021-04-01
Bulgaria,,,,,,12283,29295,53956,66133,69117,61680,39408,13271,1184,2021-04-02
Bulgaria,,,,,,12402,29631,54497,66816,69894,62474,39966,13463,1197,2021-04-03
Bulgaria,,,,,,12454,29769,54757,67156,70266,62861,40237,13557,1202,2021-04-04
Bulgaria,,,,,,12476,29825,54852,67262,70405,63000,40366,13607,1206,2021-04-05
Bulgaria,,,,,,12564,30087,55371,67914,71152,63780,40954,13809,1228,2021-04-06
Bulgaria,,,,,,12645,30343,55919,68582,71999,64603,41532,14007,1233,2021-04-07
Bulgaria,,,,,,12734,30615,56353,69175,72687,65347,42087,14170,1251,2021-04-08
Bulgaria,,,,,,12821,30844,56730,69663,73254,65943,42549,14306,1266,2021-04-09
Bulgaria,,,,,,12899,31049,57054,70143,73791,66508,42997,14459,1279,2021-04-10
Bulgaria,,,,,,12954,31152,57229,70347,74029,66776,43224,14532,1288,2021-04-11
Bulgaria,,,,,,12962,31178,57262,70400,74112,66876,43328,14583,1292,2021-04-12
Bulgaria,,,,,,13063,31369,57649,70911,74711,67478,43861,14769,1304,2021-04-13
Bulgaria,,,,,,13147,31573,57995,71387,75284,68109,44311,14934,1319,2021-04-14
Bulgaria,,,,,,13233,31755,58305,71788,75741,68595,44742,15093,1324,2021-04-15
Bulgaria,,,,,,13302,31908,58600,72142,76137,69016,45115,15209,1332,2021-04-16
Bulgaria,,,,,,13398,32056,58876,72451,76527,69439,45469,15325,1346,2021-04-17
Bulgaria,,,,,,13433,32133,59018,72600,76718,69676,45642,15390,1353,2021-04-18
Bulgaria,,,,,,13450,32160,59063,72657,76786,69756,45713,15434,1362,2021-04-19
Bulgaria,,,,,,13532,32303,59367,73066,77222,70271,46100,15577,1377,2021-04-20
Bulgaria,,,,,,13602,32447,59608,73399,77621,70713,46436,15697,1388,2021-04-21
Bulgaria,,,,,,13674,32580,59876,73669,77993,71101,46803,15818,1399,2021-04-22
Bulgaria,,,,,,13742,32692,60093,73939,78280,71421,47081,15938,1408,2021-04-23
Bulgaria,,,,,,13833,32778,60282,74207,78566,71788,47376,16057,1415,2021-04-24
Bulgaria,,,,,,13872,32830,60365,74336,78704,71958,47509,16106,1420,2021-04-25
Bulgaria,,,,,,13894,32870,60412,74375,78762,72032,47587,16144,1424,2021-04-26
Bulgaria,,,,,,13964,32981,60614,74641,79098,72388,47891,16247,1435,2021-04-27
Bulgaria,,,,,,14036,33116,60867,74942,79435,72745,48169,16354,1445,2021-04-28
Bulgaria,,,,,,14092,33206,61035,75139,79695,73041,48399,16436,1448,2021-04-29
Bulgaria,,,,,,14137,33282,61181,75313,79928,73297,48633,16504,1453,2021-04-30
Bulgaria,,,,,,14173,33319,61275,75394,80053,73422,48733,16555,1456,2021-05-01
Bulgaria,,,,,,14196,33351,61320,75461,80119,73521,48818,16601,1459,2021-05-02
Bulgaria,,,,,,14209,33364,61352,75504,80173,73603,48891,16638,1460,2021-05-03
Bulgaria,,,,,,14226,33396,61433,75581,80268,73741,49023,16695,1462,2021-05-04
Bulgaria,,,,,,14239,33427,61471,75625,80344,73805,49091,16725,1465,2021-05-05
Bulgaria,,,,,,14278,33514,61653,75886,80651,74138,49379,16854,1474,2021-05-06
Bulgaria,,,,,,14286,33549,61718,75957,80760,74263,49475,16889,1475,2021-05-07
Bulgaria,,,,,,14327,33608,61856,76120,80959,74501,49678,16963,1483,2021-05-08
Bulgaria,,,,,,14341,33646,61916,76172,81048,74585,49776,16992,1485,2021-05-09
Bulgaria,,,,,,14345,33669,61942,76203,81080,74633,49828,17015,1487,2021-05-10
Bulgaria,,,,,,14372,33750,62077,76371,81245,74853,50029,17092,1491,2021-05-11
Bulgaria,,,,,,14390,33792,62168,76506,81411,75056,50190,17150,1494,2021-05-12
Bulgaria,,,,,,14409,33839,62245,76606,81532,75173,50311,17201,1498,2021-05-13
Bulgaria,,,,,,14420,33868,62296,76682,81615,75275,50421,17241,1502,2021-05-14
Bulgaria,,,,,,14431,33912,62352,76763,81700,75362,50528,17284,1506,2021-05-15
Bulgaria,,,,,,14438,33925,62375,76789,81739,75402,50563,17304,1506,2021-05-16
Bulgaria,,,,,,14444,33932,62386,76814,81755,75444,50593,17316,1508,2021-05-17
Bulgaria,,,,,,14471,33982,62460,76905,81854,75600,50724,17363,1510,2021-05-18
Bulgaria,,,,,,14485,34010,62501,76974,81923,75701,50822,17398,1512,2021-05-19
Bulgaria,,,,,,14496,34037,62544,77014,81988,75785,50887,17421,1515,2021-05-20
Bulgaria,,,,,,14515,34057,62585,77084,82047,75849,50955,17447,1516,2021-05-21
Bulgaria,,,,,,14528,34092,62617,77141,82084,75929,51031,17475,1520,2021-05-22
Bulgaria,,,,,,14536,34096,62631,77152,82102,75963,51067,17497,1521,2021-05-23
Bulgaria,,,,,,14540,34098,62635,77155,82116,75985,51089,17507,1521,2021-05-24
Bulgaria,,,,,,14544,34104,62635,77165,82121,76003,51112,17520,1523,2021-05-25
Bulgaria,,,,,,14554,34128,62672,77229,82188,76095,51194,17547,1526,2021-05-26
Bulgaria,,,,,,14568,34152,62713,77289,82255,76184,51266,17572,1527,2021-05-27
Bulgaria,,,,,,14579,34168,62741,77328,82308,76243,51319,17604,1529,2021-05-28
Bulgaria,,,,,,14588,34185,62781,77367,82346,76309,51371,17627,1532,2021-05-29
Bulgaria,,,,,,14596,34195,62800,77384,82361,76331,51386,17634,1534,2021-05-30
Bulgaria,,,,,,14597,34202,62804,77392,82368,76339,51398,17640,1534,2021-05-31
Bulgaria,,,,,,14617,34227,62835,77439,82413,76401,51446,17666,1533,2021-06-01
Bulgaria,,,,,,14630,34248,62874,77464,82450,76445,51486,17682,1534,2021-06-02
Bulgaria,,,,,,14645,34261,62897,77490,82476,76481,51528,17695,1537,2021-06-03
Bulgaria,,,,,,14658,34281,62916,77509,82514,76502,51552,17710,1538,2021-06-04
Bulgaria,,,,,,14669,34294,62937,77533,82539,76530,51576,17721,1538,2021-06-05
Bulgaria,,,,,,14671,34302,62947,77546,82553,76548,51593,17726,1540,2021-06-06
Bulgaria,,,,,,14672,34306,62951,77554,82561,76557,51603,17728,1541,2021-06-07
Bulgaria,,,,,,14681,34315,62967,77582,82598,76603,51641,17751,1543,2021-06-08
Bulgaria,,,,,,14695,34329,62988,77606,82627,76641,51667,17760,1546,2021-06-09
Bulgaria,,,,,,14700,34337,63003,77621,82651,76666,51692,17773,1547,2021-06-10
Bulgaria,,,,,,14705,34344,63017,77636,82668,76688,51706,17778,1548,2021-06-11
Bulgaria,,,,,,14710,34352,63026,77651,82687,76717,51729,17792,1549,2021-06-12
Bulgaria,,,,,,14716,34361,63032,77664,82698,76729,51745,17798,1551,2021-06-13
Bulgaria,,,,,,14717,34364,63036,77668,82705,76741,51751,17802,1552,2021-06-14
Bulgaria,,,,,,14729,34380,63046,77688,82739,76768,51771,17820,1552,2021-06-15
Bulgaria,,,,,,14739,34395,63070,77711,82764,76791,51796,17834,1554,2021-06-16
Bulgaria,,,,,,14744,34400,63084,77725,82781,76810,51809,17842,1554,2021-06-17
Bulgaria,,,,,,14749,34403,63099,77741,82797,76835,51832,17849,1554,2021-06-18
Bulgaria,,,,,,14754,34411,63115,77757,82815,76848,51858,17852,1554,2021-06-19
Bulgaria,,,,,,14757,34418,63122,77760,82818,76855,51866,17855,1554,2021-06-20
Bulgaria,,,,,,14757,34421,63123,77766,82820,76863,51873,17855,1554,2021-06-21
Bulgaria,,,,,,14776,34433,63138,77789,82835,76879,51889,17858,1555,2021-06-22
Bulgaria,,,,,,14786,34444,63154,77806,82846,76888,51902,17865,1555,2021-06-23
Bulgaria,,,,,,14789,34450,63161,77822,82866,76909,51915,17872,1555,2021-06-24
Bulgaria,,,,,,14793,34457,63163,77835,82882,76918,51922,17876,1555,2021-06-25
Bulgaria,,,,,,14798,34465,63171,77843,82899,76931,51938,17887,1555,2021-06-26
Bulgaria,,,,,,14798,34466,63173,77847,82904,76935,51944,17893,1555,2021-06-27
Bulgaria,,,,,,14800,34467,63173,77850,82907,76936,51949,17894,1555,2021-06-28
Bulgaria,,,,,,14805,34479,63186,77867,82930,76946,51977,17900,1556,2021-06-29
Bulgaria,,,,,,14810,34490,63200,77882,82949,76969,51993,17902,1556,2021-06-30
Bulgaria,,,,,,14813,34499,63206,77889,82964,76981,52010,17911,1556,2021-07-01
Bulgaria,,,,,,14818,34506,63214,77901,82976,76992,52025,17914,1556,2021-07-02
Bulgaria,,,,,,14823,34513,63222,77916,82984,77005,52045,17919,1556,2021-07-03
Bulgaria,,,,,,14834,34517,63234,77921,82987,77011,52049,17925,1556,2021-07-04
Bulgaria,,,,,,14836,34517,63238,77925,82987,77013,52052,17929,1556,2021-07-05
Bulgaria,,,,,,14845,34526,63249,77944,83001,77032,52065,17932,1557,2021-07-06
Bulgaria,,,,,,14849,34541,63256,77959,83018,77044,52078,17936,1557,2021-07-07
Bulgaria,,,,,,14857,34547,63267,77964,83027,77054,52086,17939,1557,2021-07-08
Bulgaria,,,,,,14861,34554,63274,77972,83037,77065,52092,17941,1557,2021-07-09
Bulgaria,,,,,,14866,34563,63284,77979,83047,77073,52099,17945,1558,2021-07-10
Bulgaria,,,,,,14867,34563,63289,77986,83058,77075,52103,17947,1558,2021-07-11
Bulgaria,,,,,,14869,34566,63292,77989,83058,77079,52104,17947,1558,2021-07-12
Bulgaria,,,,,,14877,34576,63304,78004,83068,77093,52112,17953,1558,2021-07-13
Bulgaria,,,,,,14882,34587,63313,78014,83082,77106,52121,17956,1558,2021-07-14
Bulgaria,,,,,,14893,34596,63327,78025,83093,77116,52134,17961,1558,2021-07-15
Bulgaria,,,,,,14901,34610,63350,78037,83106,77124,52143,17967,1559,2021-07-16
Bulgaria,,,,,,14908,34619,63358,78051,83116,77139,52151,17970,1561,2021-07-17
Bulgaria,,,,,,14915,34630,63368,78057,83123,77148,52158,17970,1561,2021-07-18
Bulgaria,,,,,,14916,34640,63376,78060,83127,77151,52162,17971,1562,2021-07-19
Bulgaria,,,,,,14924,34659,63390,78080,83141,77162,52180,17980,1562,2021-07-20
Bulgaria,,,,,,14948,34684,63415,78102,83153,77181,52194,17983,1563,2021-07-21
Bulgaria,,,,,,14960,34698,63435,78115,83167,77192,52204,17984,1564,2021-07-22
Bulgaria,,,,,,14975,34716,63456,78135,83184,77206,52214,17990,1564,2021-07-23
Bulgaria,,,,,,14990,34735,63478,78160,83201,77227,52228,17992,1564,2021-07-24
Bulgaria,,,,,,14996,34737,63493,78172,83207,77234,52234,17992,1564,2021-07-25
Bulgaria,,,,,,15007,34748,63505,78180,83214,77238,52237,17993,1564,2021-07-26
Bulgaria,,,,,,15029,34783,63535,78216,83241,77256,52257,17998,1564,2021-07-27
Bulgaria,,,,,,15060,34819,63565,78249,83276,77273,52274,17999,1564,2021-07-28
Bulgaria,,,,,,15103,34861,63604,78278,83300,77297,52284,18003,1565,2021-07-29
Bulgaria,,,,,,15143,34902,63638,78313,83330,77322,52303,18010,1565,2021-07-30
Bulgaria,,,,,,15208,34974,63682,78370,83367,77363,52326,18016,1566,2021-07-31
Bulgaria,,,,,,15246,35011,63717,78389,83383,77377,52345,18019,1567,2021-08-01
Bulgaria,,,,,,15263,35036,63728,78401,83391,77389,52349,18022,1569,2021-08-02
Bulgaria,,,,,,15313,35114,63788,78469,83441,77444,52373,18030,1569,2021-08-03
Bulgaria,,,,,,15386,35184,63851,78555,83510,77492,52415,18039,1571,2021-08-04
Bulgaria,,,,,,15452,35281,63921,78612,83560,77544,52445,18044,1573,2021-08-05
Bulgaria,,,,,,15526,35388,64005,78691,83609,77605,52478,18057,1573,2021-08-06
Bulgaria,,,,,,15613,35500,64102,78772,83669,77651,52521,18080,1573,2021-08-07
Bulgaria,,,,,,15669,35587,64171,78842,83699,77686,52553,18093,1573,2021-08-08
Bulgaria,,,,,,15697,35631,64199,78861,83717,77708,52564,18098,1574,2021-08-09
Bulgaria,,,,,,15793,35787,64326,78985,83817,77796,52620,18120,1579,2021-08-10
Bulgaria,,,,,,15903,35988,64447,79085,83925,77888,52672,18140,1580,2021-08-11
Bulgaria,,,,,,16015,36171,64560,79202,84027,77968,52725,18158,1584,2021-08-12
Bulgaria,,,,,,16132,36347,64713,79350,84124,78065,52796,18180,1585,2021-08-13
Bulgaria,,,,,,16274,36550,64877,79527,84261,78184,52869,18210,1587,2021-08-14
Bulgaria,,,,,,16354,36660,64990,79634,84346,78251,52917,18223,1587,2021-08-15
Bulgaria,,,,,,16380,36710,65035,79683,84377,78283,52942,18237,1587,2021-08-16
Bulgaria,,,,,,16510,36930,65256,79915,84540,78458,53052,18285,1589,2021-08-17
Bulgaria,,,,,,16653,37197,65512,80126,84749,78617,53165,18330,1591,2021-08-18
Bulgaria,,,,,,16804,37419,65732,80347,84954,78797,53301,18376,1597,2021-08-19
Bulgaria,,,,,,16948,37646,65991,80551,85143,78960,53443,18417,1599,2021-08-20
Bulgaria,,,,,,17075,37855,66260,80764,85314,79163,53583,18451,1601,2021-08-21
Bulgaria,,,,,,17157,37983,66412,80891,85443,79273,53676,18472,1604,2021-08-22
Bulgaria,,,,,,17190,38043,66480,80963,85487,79316,53724,18487,1605,2021-08-23
Bulgaria,,,,,,17349,38269,66794,81280,85776,79637,53926,18545,1610,2021-08-24
Bulgaria,,,,,,17510,38529,67076,81609,86109,79909,54122,18617,1616,2021-08-25
Bulgaria,,,,,,17643,38743,67344,81873,86368,80142,54298,18667,1620,2021-08-26
Bulgaria,,,,,,17783,38979,67642,82132,86614,80384,54545,18725,1627,2021-08-27
Bulgaria,,,,,,17945,39199,67917,82397,86868,80650,54757,18776,1635,2021-08-28
Bulgaria,,,,,,18038,39335,68093,82566,87014,80785,54870,18811,1636,2021-08-29
Bulgaria,,,,,,18068,39391,68145,82628,87081,80863,54944,18839,1640,2021-08-30
Bulgaria,,,,,,18207,39605,68448,82997,87445,81204,55212,18923,1648,2021-08-31
Bulgaria,,,,,,18342,39825,68780,83375,87796,81530,55442,18993,1659,2021-09-01
Bulgaria,,,,,,18459,40019,69050,83661,88059,81824,55678,19072,1665,2021-09-02
Bulgaria,,,,,,18575,40209,69276,83931,88315,82061,55895,19122,1667,2021-09-03
Bulgaria,,,,,,18684,40395,69518,84183,88574,82346,56131,19183,1677,2021-09-04
Bulgaria,,,,,,18743,40501,69647,84309,88712,82487,56241,19222,1683,2021-09-05
Bulgaria,,,,,,18767,40563,69730,84381,88784,82561,56315,19247,1685,2021-09-06
Bulgaria,,,,,,18814,40626,69806,84487,88875,82679,56430,19305,1688,2021-09-07
Bulgaria,,,,,,18920,40804,70114,84801,89220,83034,56722,19404,1696,2021-09-08
Bulgaria,,,,,,19033,40974,70399,85168,89552,83391,56975,19478,1701,2021-09-09
Bulgaria,,,,,,19120,41151,70635,85441,89832,83661,57208,19545,1707,2021-09-10
Bulgaria,,,,,,19234,41315,70873,85702,90123,83943,57425,19597,1714,2021-09-11
Bulgaria,,,,,,19306,41408,71029,85836,90273,84084,57542,19640,1717,2021-09-12
Bulgaria,,,,,,19337,41456,71098,85895,90337,84143,57617,19670,1719,2021-09-13
Bulgaria,,,,,,19452,41652,71364,86232,90685,84493,57901,19766,1725,2021-09-14
Bulgaria,,,,,,19561,41832,71687,86612,91044,84845,58144,19846,1728,2021-09-15
Bulgaria,,,,,,19675,42011,71954,86892,91393,85164,58396,19943,1733,2021-09-16
Bulgaria,,,,,,19801,42167,72205,87149,91687,85464,58633,20038,1741,2021-09-17
Bulgaria,,,,,,19916,42326,72469,87431,92014,85809,58921,20142,1749,2021-09-18
Bulgaria,,,,,,19970,42399,72609,87584,92198,85968,59049,20199,1752,2021-09-19
Bulgaria,,,,,,20005,42438,72660,87655,92269,86038,59121,20246,1754,2021-09-20
Bulgaria,,,,,,20180,42640,72962,88011,92700,86448,59483,20354,1768,2021-09-21
Bulgaria,,,,,,20375,42802,73267,88380,93091,86855,59752,20440,1776,2021-09-22
Bulgaria,,,,,,20447,42878,73379,88527,93233,87006,59854,20482,1782,2021-09-23
Bulgaria,,,,,,20579,43028,73634,88808,93566,87290,60142,20583,1793,2021-09-24
Bulgaria,963,2402,2235,4880,10287,20767,43186,73878,89119,93871,87595,60419,20686,1806,2021-09-25
Bulgaria,965,2415,2254,4925,10323,20882,43256,74022,89275,94023,87769,60579,20748,1811,2021-09-26
Bulgaria,967,2422,2265,4936,10342,20932,43289,74093,89362,94091,87843,60660,20778,1813,2021-09-27
Bulgaria,972,2457,2293,5028,10445,21195,43483,74415,89773,94546,88241,61029,20884,1831,2021-09-28
Bulgaria,979,2477,2330,5146,10558,21490,43675,74794,90174,94972,88698,61341,20980,1846,2021-09-29
Bulgaria,987,2496,2357,5244,10659,21743,43863,75101,90531,95288,89057,61582,21091,1856,2021-09-30
Bulgaria,996,2514,2400,5342,10751,22003,44038,75402,90870,95591,89363,61831,21192,1872,2021-10-01
Bulgaria,1004,2530,2421,5455,10835,22245,44217,75725,91221,95891,89689,62104,21281,1880,2021-10-02
Bulgaria,1007,2544,2443,5508,10888,22390,44318,75928,91456,96075,89859,62237,21333,1885,2021-10-03
Bulgaria,1010,2549,2453,5528,10909,22449,44361,75996,91518,96136,89964,62316,21369,1885,2021-10-04
Bulgaria,1023,2568,2488,5650,11020,22749,44544,76405,92012,96622,90411,62647,21510,1900,2021-10-05
Bulgaria,1028,2590,2529,5774,11138,23059,44754,76854,92538,97112,90851,62990,21601,1907,2021-10-06
Bulgaria,1040,2607,2559,5892,11262,23360,44938,77266,92976,97517,91228,63291,21714,1918,2021-10-07
Bulgaria,1046,2628,2584,5999,11384,23641,45126,77642,93363,97873,91553,63551,21828,1933,2021-10-08
Bulgaria,1056,2648,2615,6116,11496,23931,45334,78002,93819,98275,91915,63857,21922,1940,2021-10-09
Bulgaria,1063,2657,2632,6165,11552,24069,45459,78206,94019,98479,92091,64005,21965,1948,2021-10-10
Bulgaria,1069,2665,2639,6194,11571,24138,45506,78292,94134,98559,92176,64101,22006,1950,2021-10-11
Bulgaria,1084,2692,2682,6332,11716,24506,45768,78862,94790,99126,92675,64514,22134,1958,2021-10-12
Bulgaria,1094,2717,2713,6470,11850,24844,46054,79384,95448,99730,93208,64892,22270,1972,2021-10-13
Bulgaria,1104,2735,2739,6613,11976,25167,46368,79912,96045,100247,93709,65312,22390,1979,2021-10-14
Bulgaria,1114,2762,2782,6735,12115,25508,46672,80439,96585,100722,94193,65676,22523,1994,2021-10-15
Bulgaria,1120,2790,2824,6864,12247,25845,46999,80998,97217,101285,94665,66071,22668,2004,2021-10-16
Bulgaria,1129,2813,2847,6943,12321,26053,47172,81319,97541,101602,94919,66255,22750,2008,2021-10-17
Bulgaria,1136,2822,2861,6973,12347,26139,47247,81489,97709,101751,95067,66396,22806,2015,2021-10-18
Bulgaria,1151,2857,2922,7178,12528,26636,47656,82263,98660,102598,95822,66924,23010,2029,2021-10-19
Bulgaria,1158,2897,2975,7383,12738,27151,48027,83006,99639,103473,96544,67463,23202,2050,2021-10-20
Bulgaria,1171,2937,3024,7553,12909,27594,48456,83742,100538,104224,97190,67917,23353,2063,2021-10-21
Bulgaria,1187,2967,3061,7718,13096,28029,48991,84559,101432,105049,97852,68407,23497,2077,2021-10-22
Bulgaria,1203,3005,3104,7856,13283,28451,49504,85349,102378,105868,98574,68862,23640,2093,2021-10-23
Bulgaria,1212,3038,3142,7947,13408,28747,49891,85915,103070,106378,99041,69178,23747,2106,2021-10-24
Bulgaria,,,,,,28868,50038,86123,103338,106573,99215,69338,23829,2121,2021-10-25
Bulgaria,,,,,,29307,50610,87055,104531,107641,100074,69903,24039,2146,2021-10-26
Bulgaria,,,,,,29816,51321,88297,105901,108844,100981,70554,24249,2159,2021-10-27
Bulgaria,,,,,,30275,51859,89256,107009,109780,101775,71159,24469,2183,2021-10-28
Bulgaria,,,,,,30689,52387,90158,107991,110580,102526,71742,24672,2198,2021-10-29
Bulgaria,,,,,,31087,52927,90986,108999,111487,103300,72340,24853,2220,2021-10-30
Bulgaria,,,,,,31312,53243,91474,109515,111952,103690,72640,24981,2228,2021-10-31
Bulgaria,,,,,,31409,53390,91692,109779,112193,103909,72822,25064,2234,2021-11-01
Bulgaria,,,,,,31738,53988,92725,110976,113243,104832,73461,25285,2251,2021-11-02
Bulgaria,,,,,,32089,54563,93741,112179,114264,105702,74058,25497,2269,2021-11-03
Bulgaria,,,,,,32362,55024,94565,113148,115084,106484,74638,25698,2281,2021-11-04
Bulgaria,,,,,,32688,55476,95315,113993,115876,107209,75200,25889,2300,2021-11-05
Bulgaria,,,,,,32986,55942,96090,114879,116652,107952,75801,26068,2310,2021-11-06
Bulgaria,,,,,,33197,56239,96595,115383,117126,108341,76111,26190,2324,2021-11-07
Bulgaria,,,,,,33259,56359,96828,115599,117312,108516,76289,26268,2332,2021-11-08
Bulgaria,,,,,,33553,56830,97651,116630,118290,109320,76933,26494,2347,2021-11-09
Bulgaria,,,,,,33848,57294,98466,117569,119138,110089,77541,26701,2357,2021-11-10
Bulgaria,,,,,,34076,57653,99060,118252,119823,110732,78037,26853,2370,2021-11-11
Bulgaria,,,,,,34287,57930,99576,118794,120347,111263,78442,27038,2386,2021-11-12
Bulgaria,,,,,,34470,58217,100092,119309,120885,111778,78854,27196,2408,2021-11-13
Bulgaria,,,,,,34566,58366,100390,119600,121138,112029,79047,27267,2416,2021-11-14
Bulgaria,,,,,,34623,58450,100536,119737,121253,112153,79150,27323,2422,2021-11-15
Bulgaria,,,,,,34809,58730,101048,120308,121811,112713,79543,27472,2436,2021-11-16
Bulgaria,,,,,,35047,59100,101634,121009,122457,113356,80027,27656,2453,2021-11-17
Bulgaria,,,,,,35211,59363,102082,121494,122928,113845,80387,27803,2465,2021-11-18
Bulgaria,,,,,,35378,59642,102510,121916,123425,114271,80789,27954,2478,2021-11-19
Bulgaria,,,,,,35541,59911,102953,122331,123875,114734,81161,28106,2488,2021-11-20
Bulgaria,,,,,,35632,60050,103187,122589,124120,114958,81344,28184,2491,2021-11-21
Bulgaria,,,,,,35677,60135,103299,122710,124237,115063,81439,28231,2497,2021-11-22
Bulgaria,,,,,,35897,60437,103818,123312,124827,115664,81890,28391,2514,2021-11-23
Bulgaria,,,,,,36096,60754,104337,123868,125350,116203,82313,28536,2526,2021-11-24
Bulgaria,,,,,,36260,60988,104762,124317,125770,116617,82630,28663,2545,2021-11-25
Bulgaria,,,,,,36426,61213,105138,124732,126159,116994,82917,28784,2559,2021-11-26
Bulgaria,,,,,,36616,61448,105528,125139,126570,117412,83234,28892,2571,2021-11-27
Bulgaria,,,,,,36702,61567,105753,125345,126755,117598,83379,28954,2575,2021-11-28
Bulgaria,,,,,,36756,61623,105882,125476,126859,117696,83474,29009,2581,2021-11-29
Bulgaria,,,,,,36930,61870,106353,126025,127419,118196,83842,29149,2592,2021-11-30
Bulgaria,,,,,,37091,62110,106780,126516,127903,118632,84162,29264,2599,2021-12-01
Bulgaria,,,,,,37245,62301,107097,126885,128264,118959,84449,29358,2604,2021-12-02
Bulgaria,,,,,,37409,62470,107404,127197,128612,119269,84731,29474,2614,2021-12-03
Bulgaria,,,,,,37584,62663,107756,127583,128987,119646,85043,29580,2627,2021-12-04
Bulgaria,,,,,,37668,62754,107898,127774,129121,119788,85184,29636,2631,2021-12-05
Bulgaria,,,,,,37733,62843,108015,127879,129219,119904,85262,29669,2636,2021-12-06
Bulgaria,,,,,,37933,63039,108402,128291,129667,120312,85528,29766,2648,2021-12-07
Bulgaria,,,,,,38124,63220,108755,128695,130063,120676,85801,29891,2660,2021-12-08
Bulgaria,,,,,,38263,63373,109010,128959,130341,120938,86010,29974,2669,2021-12-09
Bulgaria,,,,,,38392,63565,109269,129303,130649,121228,86226,30056,2676,2021-12-10
Bulgaria,,,,,,38538,63697,109552,129562,130936,121540,86440,30133,2685,2021-12-11
Bulgaria,,,,,,38636,63815,109744,129739,131097,121698,86551,30187,2689,2021-12-12
Bulgaria,,,,,,38696,63868,109822,129824,131166,121759,86629,30229,2695,2021-12-13
Bulgaria,,,,,,38922,64017,110104,130136,131483,122075,86883,30320,2707,2021-12-14
Bulgaria,,,,,,39142,64196,110408,130473,131806,122393,87125,30393,2715,2021-12-15
Bulgaria,,,,,,39299,64354,110702,130768,132085,122646,87336,30462,2724,2021-12-16
Bulgaria,,,,,,39437,64516,110900,131007,132298,122882,87521,30521,2737,2021-12-17
Bulgaria,,,,,,39599,64669,111142,131286,132543,123122,87725,30601,2746,2021-12-18
Bulgaria,,,,,,39696,64755,111293,131443,132673,123243,87845,30636,2753,2021-12-19
Bulgaria,,,,,,39743,64798,111373,131520,132737,123306,87903,30659,2754,2021-12-20
Bulgaria,,,,,,39960,64958,111679,131863,133054,123627,88151,30743,2759,2021-12-21
Bulgaria,,,,,,40160,65129,111964,132210,133361,123893,88370,30824,2766,2021-12-22
Bulgaria,,,,,,40301,65274,112198,132483,133570,124086,88564,30889,2775,2021-12-23
Bulgaria,,,,,,40464,65489,112528,132838,133915,124352,88768,30972,2780,2021-12-24
Bulgaria,,,,,,40567,65602,112748,133015,134077,124473,88855,31015,2787,2021-12-25
Bulgaria,,,,,,40632,65676,112903,133145,134179,124546,88940,31069,2792,2021-12-26
Bulgaria,,,,,,40699,65753,113048,133295,134298,124654,89045,31128,2800,2021-12-27
Bulgaria,,,,,,40808,65898,113282,133508,134504,124817,89184,31190,2807,2021-12-28
Bulgaria,,,,,,40911,66048,113556,133723,134683,124940,89302,31258,2812,2021-12-29
Bulgaria,,,,,,41163,66434,114175,134400,135259,125382,89665,31383,2821,2021-12-30
Bulgaria,,,,,,41431,66887,114822,135056,135842,125893,90045,31487,2835,2021-12-31
Bulgaria,,,,,,41685,67266,115367,135586,136244,126248,90285,31580,2847,2022-01-01
Bulgaria,,,,,,41768,67420,115571,135799,136387,126341,90404,31642,2851,2022-01-02
Bulgaria,,,,,,41875,67612,115826,136043,136552,126505,90555,31717,2855,2022-01-03
Bulgaria,,,,,,42043,67962,116251,136375,136800,126692,90701,31774,2860,2022-01-04
Bulgaria,,,,,,42718,69066,117456,137548,137671,127313,91155,31910,2873,2022-01-05
Bulgaria,,,,,,43499,70392,118850,138734,138538,127961,91557,32061,2884,2022-01-06
Bulgaria,,,,,,44086,71441,119987,139762,139242,128460,91929,32198,2896,2022-01-07
Bulgaria,,,,,,44746,72428,121053,140761,139970,129012,92315,32333,2907,2022-01-08
Bulgaria,,,,,,45177,72954,121677,141354,140366,129323,92528,32405,2917,2022-01-09
Bulgaria,,,,,,45458,73198,122009,141682,140570,129477,92635,32466,2922,2022-01-10
Bulgaria,,,,,,46615,74030,123159,142950,141615,130183,93070,32617,2939,2022-01-11
Bulgaria,,,,,,47823,74899,124422,144318,142693,130884,93501,32752,2948,2022-01-12
Bulgaria,,,,,,48771,75579,125454,145452,143521,131490,93859,32863,2954,2022-01-13
Bulgaria,,,,,,49948,76482,126754,146754,144592,132206,94261,33013,2967,2022-01-14
Bulgaria,,,,,,51246,77247,128000,148020,145598,132909,94705,33133,2982,2022-01-15
Bulgaria,,,,,,52193,77751,128822,148863,146147,133332,94933,33200,2988,2022-01-16
Bulgaria,,,,,,52773,78012,129290,149290,146451,133506,95037,33255,2994,2022-01-17
Bulgaria,,,,,,55190,78841,130844,151261,148016,134458,95576,33412,3006,2022-01-18
Bulgaria,,,,,,57784,79852,132794,153502,149699,135476,96086,33577,3015,2022-01-19
Bulgaria,,,,,,59954,80821,134621,155480,151202,136448,96640,33755,3024,2022-01-20
Bulgaria,,,,,,61795,81728,136168,157179,152538,137366,97142,33919,3042,2022-01-21
Bulgaria,,,,,,63681,82748,138006,159171,153963,138348,97679,34092,3063,2022-01-22
Bulgaria,,,,,,64962,83482,139281,160571,154903,138887,98023,34194,3078,2022-01-23
Bulgaria,,,,,,65561,83758,139834,161170,155263,139129,98171,34254,3088,2022-01-24
Bulgaria,,,,,,67393,84769,141762,163453,157208,140370,98780,34437,3105,2022-01-25
Bulgaria,,,,,,69335,86049,143984,166114,159351,141693,99398,34632,3120,2022-01-26
Bulgaria,,,,,,70729,87145,145890,168115,161013,142801,99946,34824,3129,2022-01-27
Bulgaria,,,,,,71984,88270,147872,170094,162676,143844,100545,35038,3143,2022-01-28
Bulgaria,,,,,,73080,89324,149734,172131,164343,145040,101253,35268,3164,2022-01-29
Bulgaria,,,,,,73758,89994,150896,173344,165273,145702,101664,35405,3176,2022-01-30
Bulgaria,,,,,,74046,90335,151429,173850,165658,145967,101844,35493,3192,2022-01-31
Bulgaria,,,,,,74850,91362,153251,175981,167653,147293,102583,35773,3219,2022-02-01
Bulgaria,,,,,,75794,92595,155302,178304,169737,148689,103400,36040,3247,2022-02-02
Bulgaria,,,,,,76490,93607,156951,180116,171447,149921,104173,36284,3271,2022-02-03
Bulgaria,,,,,,77151,94525,158438,181694,172841,151002,104906,36553,3292,2022-02-04
Bulgaria,,,,,,77800,95398,159840,183273,174288,152126,105646,36831,3316,2022-02-05
Bulgaria,,,,,,78199,95942,160666,184190,175083,152757,106062,37009,3347,2022-02-06
Bulgaria,,,,,,78398,96188,161075,184608,175390,153023,106282,37105,3367,2022-02-07
Bulgaria,,,,,,78986,96972,162427,186051,176924,154205,107084,37402,3397,2022-02-08
Bulgaria,,,,,,79604,97770,163771,187590,178460,155436,107867,37664,3426,2022-02-09
Bulgaria,,,,,,80174,98470,164960,188921,179838,156532,108580,37922,3454,2022-02-10
Bulgaria,,,,,,80628,99099,165990,190071,180948,157494,109240,38173,3486,2022-02-11
Bulgaria,,,,,,81145,99726,167000,191213,182146,158511,109972,38435,3512,2022-02-12
Bulgaria,,,,,,81488,100099,167620,191858,182725,159033,110331,38606,3525,2022-02-13
Bulgaria,,,,,,81637,100287,167890,192115,182957,159215,110484,38700,3539,2022-02-14
Bulgaria,,,,,,82177,100865,168833,193202,184128,160128,111104,38955,3562,2022-02-15
Bulgaria,,,,,,82819,101476,169870,194367,185291,161131,111815,39189,3585,2022-02-16
Bulgaria,,,,,,83231,101958,170659,195192,186182,161954,112363,39424,3603,2022-02-17
Bulgaria,,,,,,83704,102430,171376,195932,186956,162641,112903,39628,3622,2022-02-18
Bulgaria,,,,,,84145,102877,172123,196679,187718,163317,113453,39846,3650,2022-02-19
Bulgaria,,,,,,84458,103179,172546,197083,188115,163709,113716,39945,3662,2022-02-20
Bulgaria,,,,,,84610,103298,172745,197281,188307,163848,113871,40020,3668,2022-02-21
Bulgaria,,,,,,85142,103722,173470,198056,189173,164547,114446,40243,3694,2022-02-22
Bulgaria,,,,,,85706,104168,174196,198817,189987,165217,114942,40419,3708,2022-02-23
Bulgaria,,,,,,86060,104532,174694,199348,190567,165724,115347,40573,3726,2022-02-24
Bulgaria,,,,,,86390,104804,175090,199823,190979,166156,115721,40719,3743,2022-02-25
Bulgaria,,,,,,86716,105041,175558,200290,191437,166578,116084,40864,3760,2022-02-26
Bulgaria,,,,,,86917,105163,175796,200508,191647,166800,116259,40931,3775,2022-02-27
Bulgaria,,,,,,87033,105234,175899,200614,191742,166890,116338,40988,3782,2022-02-28
Bulgaria,,,,,,87439,105471,176302,201044,192212,167280,116631,41107,3793,2022-03-01
Bulgaria,,,,,,87762,105693,176693,201484,192680,167665,116913,41221,3809,2022-03-02
Bulgaria,,,,,,88026,105921,177016,201836,193045,168013,117196,41315,3826,2022-03-03
Bulgaria,,,,,,88154,106039,177191,202008,193216,168165,117336,41358,3831,2022-03-04
Bulgaria,,,,,,88391,106211,177496,202361,193590,168459,117587,41486,3842,2022-03-05
Bulgaria,,,,,,88567,106325,177707,202613,193795,168654,117729,41571,3850,2022-03-06
Bulgaria,,,,,,88660,106366,177784,202695,193863,168710,117787,41605,3856,2022-03-07
Bulgaria,,,,,,89042,106572,178143,203098,194272,169044,118044,41700,3873,2022-03-08
Bulgaria,,,,,,89322,106789,178443,203460,194652,169337,118266,41817,3882,2022-03-09
Bulgaria,,,,,,89507,106991,178773,203800,194968,169581,118470,41908,3890,2022-03-10
Bulgaria,,,,,,89719,107158,179050,204048,195230,169830,118675,41974,3897,2022-03-11
Bulgaria,,,,,,89914,107297,179300,204327,195481,170066,118877,42049,3905,2022-03-12
Bulgaria,,,,,,90044,107400,179453,204496,195644,170180,118961,42089,3909,2022-03-13
Bulgaria,,,,,,90122,107452,179541,204578,195709,170235,119030,42121,3911,2022-03-14
Bulgaria,,,,,,90435,107641,179868,204983,196144,170615,119278,42237,3931,2022-03-15
Bulgaria,,,,,,90767,107824,180204,205371,196588,170966,119514,42347,3944,2022-03-16
Bulgaria,,,,,,90968,108032,180497,205691,196928,171254,119719,42435,3950,2022-03-17
Bulgaria,,,,,,91159,108226,180766,205979,197203,171510,119890,42505,3956,2022-03-18
Bulgaria,,,,,,91320,108366,181018,206263,197469,171748,120074,42578,3959,2022-03-19
Bulgaria,,,,,,91417,108457,181153,206420,197642,171855,120180,42628,3962,2022-03-20
Bulgaria,,,,,,91464,108498,181223,206496,197720,171921,120240,42658,3966,2022-03-21
Bulgaria,,,,,,91710,108646,181471,206851,198082,172209,120461,42742,3974,2022-03-22
Bulgaria,,,,,,91921,108799,181740,207185,198453,172523,120643,42838,3987,2022-03-23
Bulgaria,,,,,,92022,108944,181983,207425,198740,172774,120845,42914,3994,2022-03-24
Bulgaria,,,,,,92143,109058,182205,207646,198970,173007,121029,43006,4001,2022-03-25
Bulgaria,,,,,,92248,109164,182395,207858,199177,173229,121221,43090,4016,2022-03-26
Bulgaria,,,,,,92305,109232,182505,207958,199291,173328,121321,43140,4022,2022-03-27
Bulgaria,,,,,,92345,109270,182556,208003,199330,173388,121372,43173,4027,2022-03-28
Bulgaria,,,,,,92473,109389,182735,208215,199596,173631,121595,43234,4038,2022-03-29
Bulgaria,,,,,,92593,109538,182964,208467,199936,173903,121825,43332,4046,2022-03-30
Bulgaria,,,,,,92661,109633,183108,208646,200153,174102,122014,43411,4052,2022-03-31
Bulgaria,,,,,,92720,109737,183276,208822,200347,174282,122184,43491,4064,2022-04-01
Bulgaria,,,,,,92796,109837,183406,208951,200510,174467,122351,43566,4072,2022-04-02
Bulgaria,,,,,,92844,109886,183465,209043,200581,174533,122426,43602,4073,2022-04-03
Bulgaria,,,,,,92870,109903,183497,209075,200616,174568,122453,43618,4079,2022-04-04
Bulgaria,,,,,,92929,109999,183638,209267,200817,174785,122644,43686,4094,2022-04-05
Bulgaria,,,,,,92964,110067,183746,209401,200964,174941,122780,43736,4099,2022-04-06
Bulgaria,,,,,,93003,110127,183841,209505,201074,175070,122912,43788,4104,2022-04-07
Bulgaria,,,,,,93044,110187,183932,209591,201194,175180,123031,43833,4115,2022-04-08
Bulgaria,,,,,,93083,110245,184027,209676,201317,175306,123144,43899,4125,2022-04-09
Bulgaria,,,,,,93108,110275,184069,209728,201366,175350,123196,43926,4125,2022-04-10
Bulgaria,,,,,,93134,110301,184107,209762,201412,175391,123228,43946,4127,2022-04-11
Bulgaria,,,,,,93187,110357,184229,209878,201551,175550,123367,44026,4134,2022-04-12
Bulgaria,,,,,,93236,110424,184359,210028,201702,175705,123494,44080,4137,2022-04-13
Bulgaria,,,,,,93281,110477,184431,210117,201811,175824,123604,44124,4143,2022-04-14
Bulgaria,,,,,,93322,110508,184521,210191,201898,175908,123695,44173,4146,2022-04-15
Bulgaria,,,,,,93355,110550,184612,210281,201969,176023,123806,44224,4151,2022-04-16
Bulgaria,,,,,,93380,110578,184647,210313,202000,176069,123847,44238,4153,2022-04-17
Bulgaria,,,,,,93403,110601,184683,210349,202031,176097,123873,44255,4155,2022-04-18
Bulgaria,,,,,,93455,110673,184808,210502,202183,176251,123991,44318,4161,2022-04-19
Bulgaria,,,,,,93495,110735,184901,210583,202297,176372,124103,44356,4169,2022-04-20
Bulgaria,,,,,,93541,110782,184991,210658,202387,176484,124207,44391,4179,2022-04-21
Bulgaria,,,,,,93591,110828,185088,210735,202472,176580,124322,44450,4185,2022-04-22
Bulgaria,,,,,,93631,110849,185133,210779,202506,176625,124354,44474,4187,2022-04-23
Bulgaria,,,,,,93669,110866,185172,210835,202559,176681,124402,44515,4193,2022-04-24
Bulgaria,,,,,,93679,110883,185199,210858,202592,176726,124448,44546,4198,2022-04-25
Bulgaria,,,,,,93708,110911,185251,210917,202631,176786,124519,44583,4200,2022-04-26
Bulgaria,,,,,,93773,110987,185389,211101,202816,177008,124701,44658,4213,2022-04-27
Bulgaria,,,,,,93801,111050,185485,211210,202933,177136,124844,44711,4217,2022-04-28
Bulgaria,,,,,,93839,111098,185569,211300,203008,177220,124966,44751,4224,2022-04-29
Bulgaria,,,,,,93874,111135,185636,211356,203082,177310,125055,44787,4230,2022-04-30
Bulgaria,,,,,,93900,111162,185664,211391,203121,177353,125095,44812,4231,2022-05-01
Bulgaria,,,,,,93922,111188,185696,211415,203156,177382,125137,44841,4234,2022-05-02
Bulgaria,,,,,,93941,111213,185718,211440,203192,177415,125182,44861,4237,2022-05-03
Bulgaria,,,,,,93973,111258,185806,211543,203294,177559,125302,44935,4249,2022-05-04
Bulgaria,,,,,,93993,111288,185865,211593,203367,177624,125392,44976,4256,2022-05-05
Bulgaria,,,,,,94020,111315,185915,211658,203434,177708,125478,45001,4264,2022-05-06
Bulgaria,,,,,,94032,111329,185936,211675,203458,177736,125504,45012,4267,2022-05-07
Bulgaria,,,,,,94050,111352,185966,211697,203480,177768,125540,45029,4268,2022-05-08
Bulgaria,,,,,,94062,111359,185983,211720,203501,177800,125561,45044,4271,2022-05-09
Bulgaria,,,,,,94102,111410,186053,211816,203616,177900,125652,45099,4277,2022-05-10
Bulgaria,,,,,,94124,111448,186126,211855,203683,177963,125723,45146,4279,2022-05-11
Bulgaria,,,,,,94142,111479,186173,211905,203741,178030,125786,45167,4283,2022-05-12
Bulgaria,,,,,,94157,111505,186232,211950,203783,178085,125849,45192,4285,2022-05-13
Bulgaria,,,,,,94173,111530,186271,212003,203823,178138,125911,45215,4287,2022-05-14
Bulgaria,,,,,,94183,111540,186293,212025,203843,178162,125938,45230,4290,2022-05-15
Bulgaria,,,,,,94196,111544,186310,212037,203865,178183,125961,45241,4293,2022-05-16
Bulgaria,,,,,,94221,111570,186357,212069,203919,178257,126034,45266,4299,2022-05-17
Bulgaria,,,,,,94244,111602,186405,212126,203984,178362,126113,45311,4302,2022-05-18
Bulgaria,,,,,,94257,111629,186434,212170,204036,178394,126160,45339,4305,2022-05-19
Bulgaria,,,,,,94268,111650,186468,212211,204081,178440,126197,45364,4307,2022-05-20
Bulgaria,,,,,,94283,111664,186494,212239,204123,178490,126237,45385,4310,2022-05-21
Bulgaria,,,,,,94298,111671,186503,212250,204136,178504,126253,45391,4311,2022-05-22
Bulgaria,,,,,,94305,111679,186518,212268,204149,178515,126268,45399,4312,2022-05-23
Bulgaria,,,,,,94317,111698,186545,212299,204203,178578,126314,45439,4313,2022-05-24
Bulgaria,,,,,,94319,111706,186561,212309,204223,178595,126333,45446,4314,2022-05-25
Bulgaria,,,,,,94336,111734,186607,212354,204256,178645,126408,45465,4317,2022-05-26
Bulgaria,,,,,,94350,111751,186638,212392,204289,178686,126451,45483,4318,2022-05-27
Bulgaria,,,,,,94362,111754,186658,212407,204309,178713,126496,45506,4321,2022-05-28
Bulgaria,,,,,,94373,111763,186675,212431,204327,178741,126512,45514,4323,2022-05-29
Bulgaria,,,,,,94376,111768,186683,212440,204337,178759,126524,45521,4324,2022-05-30
Bulgaria,,,,,,94387,111784,186712,212473,204381,178806,126565,45548,4329,2022-05-31
Bulgaria,,,,,,94395,111803,186727,212498,204404,178839,126615,45556,4330,2022-06-01
Bulgaria,,,,,,94401,111823,186745,212513,204444,178876,126649,45574,4331,2022-06-02
Bulgaria,,,,,,94414,111840,186762,212541,204474,178913,126675,45587,4332,2022-06-03
Bulgaria,,,,,,94422,111855,186784,212566,204495,178951,126714,45604,4336,2022-06-04
Bulgaria,,,,,,94423,111861,186795,212583,204506,178964,126726,45613,4336,2022-06-05
Bulgaria,,,,,,94426,111866,186803,212591,204511,178974,126733,45616,4336,2022-06-06
Bulgaria,,,,,,94439,111887,186830,212638,204555,179030,126787,45645,4337,2022-06-07
Bulgaria,,,,,,94446,111900,186855,212662,204577,179060,126822,45657,4337,2022-06-08
Bulgaria,,,,,,94455,111912,186878,212683,204596,179097,126844,45671,4340,2022-06-09
Bulgaria,,,,,,94460,111921,186896,212698,204611,179124,126859,45679,4341,2022-06-10
Bulgaria,,,,,,94471,111935,186926,212722,204638,179158,126892,45693,4342,2022-06-11
Bulgaria,,,,,,94479,111942,186947,212737,204646,179167,126900,45698,4343,2022-06-12
Bulgaria,,,,,,94483,111947,186957,212743,204651,179170,126906,45701,4343,2022-06-13
Bulgaria,,,,,,94499,111966,186996,212781,204694,179208,126941,45717,4345,2022-06-14
Bulgaria,,,,,,94509,111986,187029,212799,204717,179228,126974,45725,4347,2022-06-15
Bulgaria,,,,,,94518,112001,187056,212816,204732,179259,126996,45736,4352,2022-06-16
Bulgaria,,,,,,94532,112026,187096,212858,204770,179297,127027,45746,4354,2022-06-17
Bulgaria,,,,,,94541,112043,187129,212883,204798,179344,127059,45759,4357,2022-06-18
Bulgaria,,,,,,94550,112049,187146,212905,204824,179361,127077,45766,4357,2022-06-19
Bulgaria,,,,,,94557,112056,187164,212922,204834,179374,127091,45771,4358,2022-06-20
Bulgaria,,,,,,94574,112096,187240,212967,204902,179434,127141,45794,4360,2022-06-21
Bulgaria,,,,,,94595,112128,187289,213011,204948,179489,127183,45813,4362,2022-06-22
Bulgaria,,,,,,94615,112176,187342,213059,205006,179532,127220,45839,4365,2022-06-23
Bulgaria,,,,,,94635,112216,187389,213103,205048,179584,127262,45869,4368,2022-06-24
Bulgaria,,,,,,94650,112239,187425,213138,205089,179626,127298,45893,4370,2022-06-25
Bulgaria,,,,,,94661,112267,187463,213175,205129,179668,127331,45904,4370,2022-06-26
Bulgaria,,,,,,94674,112283,187483,213194,205143,179686,127344,45913,4371,2022-06-27
Bulgaria,,,,,,94708,112339,187567,213281,205240,179787,127437,45954,4373,2022-06-28
Bulgaria,,,,,,94736,112380,187660,213367,205338,179904,127496,45981,4373,2022-06-29
Bulgaria,,,,,,94773,112436,187758,213434,205424,179985,127572,46010,4375,2022-06-30
Bulgaria,,,,,,94794,112487,187833,213510,205508,180051,127638,46038,4380,2022-07-01
Bulgaria,,,,,,94835,112523,187919,213603,205588,180144,127728,46055,4382,2022-07-02
Bulgaria,,,,,,94858,112558,187972,213653,205641,180185,127768,46072,4384,2022-07-03
Bulgaria,,,,,,94880,112573,188011,213679,205666,180207,127787,46086,4385,2022-07-04
Bulgaria,,,,,,94941,112666,188159,213847,205822,180361,127910,46121,4389,2022-07-05
Bulgaria,,,,,,95004,112745,188315,213978,205964,180492,128027,46166,4391,2022-07-06
Bulgaria,,,,,,95045,112804,188400,214060,206078,180620,128126,46199,4393,2022-07-07
Bulgaria,,,,,,95094,112890,188554,214193,206204,180764,128241,46232,4395,2022-07-08
Bulgaria,,,,,,95157,113014,188718,214342,206372,180930,128359,46276,4404,2022-07-09
Bulgaria,,,,,,95184,113057,188769,214388,206440,180981,128412,46296,4406,2022-07-10
Bulgaria,,,,,,95218,113076,188822,214426,206468,181016,128441,46312,4410,2022-07-11
Bulgaria,,,,,,95307,113192,189016,214627,206694,181246,128627,46373,4415,2022-07-12
Bulgaria,,,,,,95383,113314,189183,214828,206880,181434,128770,46424,4420,2022-07-13
Bulgaria,,,,,,95457,113430,189326,214985,207047,181589,128916,46482,4425,2022-07-14
Bulgaria,,,,,,95543,113550,189501,215161,207199,181761,129063,46553,4433,2022-07-15
Bulgaria,,,,,,95627,113686,189682,215306,207356,181926,129231,46623,4440,2022-07-16
Bulgaria,,,,,,95677,113743,189762,215384,207452,182001,129297,46668,4445,2022-07-17
Bulgaria,,,,,,95716,113784,189842,215446,207507,182058,129356,46689,4448,2022-07-18
Bulgaria,,,,,,95863,113993,190174,215799,207917,182442,129660,46831,4459,2022-07-19
Bulgaria,,,,,,95990,114177,190438,216096,208229,182728,129945,46929,4468,2022-07-20
Bulgaria,,,,,,96108,114355,190697,216352,208456,183024,130183,46995,4474,2022-07-21
Bulgaria,,,,,,96222,114535,190937,216610,208701,183295,130397,47101,4486,2022-07-22
Bulgaria,,,,,,96350,114701,191196,216871,209025,183583,130624,47210,4501,2022-07-23
Bulgaria,,,,,,96414,114781,191354,216992,209147,183696,130739,47250,4508,2022-07-24
Bulgaria,,,,,,96480,114826,191432,217071,209213,183749,130807,47283,4511,2022-07-25
Bulgaria,,,,,,96708,115144,191871,217542,209736,184204,131184,47442,4528,2022-07-26
Bulgaria,,,,,,96877,115399,192209,217883,210089,184564,131456,47538,4535,2022-07-27
Bulgaria,,,,,,97042,115630,192483,218165,210395,184891,131693,47651,4544,2022-07-28
Bulgaria,,,,,,97196,115823,192770,218406,210676,185142,131938,47758,4555,2022-07-29
Bulgaria,,,,,,97343,115976,193017,218657,210948,185403,132201,47852,4569,2022-07-30
Bulgaria,,,,,,97411,116053,193139,218755,211043,185518,132285,47904,4579,2022-07-31
Bulgaria,,,,,,97478,116099,193217,218829,211120,185572,132337,47930,4585,2022-08-01
Bulgaria,,,,,,97718,116337,193564,219224,211576,186002,132678,48076,4602,2022-08-02
Bulgaria,,,,,,97867,116502,193870,219525,211910,186331,132947,48166,4610,2022-08-03
Bulgaria,,,,,,98004,116655,194104,219768,212198,186594,133217,48268,4621,2022-08-04
Bulgaria,,,,,,98135,116809,194298,219976,212460,186834,133418,48361,4634,2022-08-05
Bulgaria,,,,,,98241,116928,194478,220186,212744,187149,133643,48478,4644,2022-08-06
Bulgaria,,,,,,98306,117005,194569,220287,212843,187247,133738,48513,4646,2022-08-07
Bulgaria,,,,,,98344,117049,194621,220346,212906,187312,133796,48539,4652,2022-08-08
Bulgaria,,,,,,98525,117237,194950,220697,213292,187726,134107,48679,4670,2022-08-09
Bulgaria,,,,,,98672,117374,195163,220930,213558,188019,134350,48775,4678,2022-08-10
Bulgaria,,,,,,98801,117502,195361,221130,213773,188264,134590,48846,4681,2022-08-11
Bulgaria,,,,,,98912,117604,195538,221307,213973,188459,134795,48942,4692,2022-08-12
Bulgaria,,,,,,99000,117685,195663,221435,214125,188649,134980,49005,4704,2022-08-13
Bulgaria,,,,,,99070,117772,195780,221535,214266,188793,135089,49050,4709,2022-08-14
Bulgaria,,,,,,99118,117793,195826,221583,214317,188850,135141,49075,4716,2022-08-15
Bulgaria,,,,,,99252,117950,196058,221850,214661,189183,135413,49192,4724,2022-08-16
Bulgaria,,,,,,99351,118067,196236,222025,214889,189405,135661,49261,4738,2022-08-17
Bulgaria,,,,,,99444,118159,196391,222192,215084,189628,135839,49341,4744,2022-08-18
Bulgaria,,,,,,99548,118250,196529,222319,215246,189819,136024,49422,4752,2022-08-19
Bulgaria,,,,,,99650,118333,196684,222470,215418,190005,136210,49519,4761,2022-08-20
Bulgaria,,,,,,99690,118362,196743,222534,215482,190073,136274,49547,4765,2022-08-21
Bulgaria,,,,,,99737,118383,196772,222575,215521,190104,136337,49562,4769,2022-08-22
Bulgaria,,,,,,99868,118523,197001,222828,215808,190399,136629,49672,4782,2022-08-23
Bulgaria,,,,,,99949,118612,197150,222976,216006,190600,136819,49755,4793,2022-08-24
Bulgaria,,,,,,100032,118690,197278,223108,216149,190765,136983,49824,4799,2022-08-25
Bulgaria,,,,,,100104,118775,197392,223226,216284,190921,137127,49892,4810,2022-08-26
Bulgaria,,,,,,100175,118845,197491,223337,216417,191064,137293,49944,4816,2022-08-27
Bulgaria,,,,,,100201,118857,197540,223387,216460,191098,137352,49969,4817,2022-08-28
Bulgaria,,,,,,100220,118871,197570,223409,216477,191134,137381,49990,4818,2022-08-29
Bulgaria,,,,,,100314,118978,197772,223597,216700,191404,137600,50080,4828,2022-08-30
Bulgaria,,,,,,100374,119037,197879,223712,216831,191554,137758,50149,4839,2022-08-31
Bulgaria,,,,,,100428,119115,197978,223803,216950,191691,137895,50209,4841,2022-09-01
Bulgaria,,,,,,100486,119171,198084,223895,217056,191836,138018,50261,4850,2022-09-02
Bulgaria,,,,,,100526,119223,198149,223999,217153,191958,138157,50308,4856,2022-09-03
Bulgaria,,,,,,100555,119235,198177,224026,217189,191995,138197,50324,4857,2022-09-04
Bulgaria,,,,,,100579,119247,198200,224049,217209,192019,138233,50339,4858,2022-09-05
Bulgaria,,,,,,100637,119295,198271,224134,217328,192159,138367,50399,4867,2022-09-06
Bulgaria,,,,,,100675,119336,198340,224203,217397,192246,138425,50428,4868,2022-09-07
Bulgaria,,,,,,100729,119386,198438,224317,217521,192374,138538,50489,4873,2022-09-08
Bulgaria,,,,,,100763,119427,198503,224404,217600,192473,138636,50530,4879,2022-09-09
Bulgaria,,,,,,100793,119481,198563,224470,217704,192571,138745,50568,4883,2022-09-10
Bulgaria,,,,,,100812,119506,198592,224509,217743,192611,138790,50587,4885,2022-09-11
Bulgaria,,,,,,100834,119520,198616,224527,217770,192630,138812,50605,4886,2022-09-12
Bulgaria,,,,,,100897,119577,198712,224645,217917,192795,138946,50668,4894,2022-09-13
Bulgaria,,,,,,100947,119627,198789,224715,218039,192917,139064,50711,4897,2022-09-14
Bulgaria,,,,,,100971,119665,198853,224799,218130,193028,139157,50744,4903,2022-09-15
Bulgaria,,,,,,101000,119691,198894,224850,218182,193098,139232,50775,4905,2022-09-16
Bulgaria,,,,,,101051,119737,198990,224921,218303,193229,139362,50827,4911,2022-09-17
Bulgaria,,,,,,101073,119756,199021,224946,218329,193260,139390,50840,4914,2022-09-18
Bulgaria,,,,,,101094,119767,199040,224962,218355,193280,139409,50846,4916,2022-09-19
Bulgaria,,,,,,101185,119831,199169,225109,218517,193445,139542,50897,4920,2022-09-20
Bulgaria,,,,,,101239,119867,199246,225197,218606,193563,139650,50939,4926,2022-09-21
Bulgaria,,,,,,101300,119911,199321,225263,218682,193650,139747,50970,4928,2022-09-22
Bulgaria,,,,,,101320,119931,199351,225280,218706,193681,139758,50978,4929,2022-09-23
Bulgaria,,,,,,101412,119990,199440,225364,218816,193810,139884,51030,4936,2022-09-24
Bulgaria,,,,,,101447,120018,199477,225400,218856,193848,139918,51050,4937,2022-09-25
Bulgaria,,,,,,101479,120033,199506,225429,218877,193870,139941,51065,4939,2022-09-26
Bulgaria,,,,,,101609,120109,199637,225621,219090,194044,140088,51124,4944,2022-09-27
Bulgaria,,,,,,101706,120162,199761,225757,219243,194183,140215,51174,4948,2022-09-28
Bulgaria,,,,,,101767,120225,199872,225884,219369,194282,140342,51223,4953,2022-09-29
Bulgaria,,,,,,101832,120271,199962,225974,219498,194434,140462,51279,4957,2022-09-30
Bulgaria,,,,,,101924,120322,200069,226070,219625,194572,140584,51339,4966,2022-10-01
Bulgaria,,,,,,101956,120352,200105,226116,219668,194616,140630,51358,4968,2022-10-02
Bulgaria,,,,,,101979,120368,200126,226136,219693,194644,140660,51372,4970,2022-10-03
Bulgaria,,,,,,102080,120472,200283,226379,219960,194829,140859,51445,4980,2022-10-04
Bulgaria,,,,,,102150,120537,200395,226522,220111,195017,140994,51513,4985,2022-10-05
Bulgaria,,,,,,102193,120596,200476,226637,220236,195146,141106,51567,4988,2022-10-06
Bulgaria,,,,,,102234,120648,200561,226745,220340,195256,141226,51617,5003,2022-10-07
Bulgaria,,,,,,102272,120701,200649,226831,220460,195381,141358,51662,5013,2022-10-08
Bulgaria,,,,,,102290,120723,200688,226878,220496,195440,141400,51685,5015,2022-10-09
Bulgaria,,,,,,102308,120741,200715,226913,220520,195468,141439,51702,5021,2022-10-10
Bulgaria,,,,,,102375,120830,200878,227137,220792,195721,141671,51801,5036,2022-10-11
Bulgaria,,,,,,102423,120887,200989,227269,220961,195880,141828,51869,5044,2022-10-12
Bulgaria,,,,,,102451,120952,201096,227367,221117,196056,142010,51932,5054,2022-10-13
Bulgaria,,,,,,102504,121003,201189,227475,221250,196201,142150,51980,5062,2022-10-14
Bulgaria,,,,,,102544,121062,201266,227579,221376,196344,142314,52044,5068,2022-10-15
Bulgaria,,,,,,102554,121074,201291,227603,221406,196372,142356,52067,5069,2022-10-16
Bulgaria,,,,,,102569,121098,201337,227651,221443,196421,142401,52087,5074,2022-10-17
Bulgaria,,,,,,102625,121182,201471,227817,221627,196619,142624,52178,5085,2022-10-18
Bulgaria,,,,,,102650,121221,201566,227926,221779,196766,142777,52233,5097,2022-10-19
Bulgaria,,,,,,102681,121263,201632,228005,221880,196870,142901,52307,5106,2022-10-20
Bulgaria,,,,,,102703,121307,201705,228094,221977,196968,143016,52345,5116,2022-10-21
Bulgaria,,,,,,102744,121348,201772,228184,222078,197110,143179,52413,5121,2022-10-22
Bulgaria,,,,,,102763,121364,201789,228211,222113,197143,143226,52437,5123,2022-10-23
Bulgaria,,,,,,102775,121369,201810,228231,222142,197173,143249,52459,5128,2022-10-24
Bulgaria,,,,,,102828,121432,201931,228406,222352,197384,143455,52553,5139,2022-10-25
Bulgaria,,,,,,102858,121480,202002,228490,222456,197514,143595,52608,5142,2022-10-26
Bulgaria,,,,,,102883,121505,202077,228566,222558,197631,143725,52669,5150,2022-10-27
Bulgaria,,,,,,102899,121547,202134,228640,222647,197751,143836,52728,5159,2022-10-28
Bulgaria,,,,,,102917,121581,202194,228722,222727,197857,143982,52783,5172,2022-10-29
Bulgaria,,,,,,102930,121591,202212,228743,222752,197892,144023,52798,5174,2022-10-30
Bulgaria,,,,,,102939,121601,202229,228756,222774,197914,144037,52805,5181,2022-10-31
Bulgaria,,,,,,102963,121638,202324,228860,222929,198068,144215,52895,5190,2022-11-01
Bulgaria,,,,,,102987,121663,202369,228937,223026,198154,144329,52937,5193,2022-11-02
Bulgaria,,,,,,103001,121682,202412,228987,223088,198232,144426,52976,5200,2022-11-03
Bulgaria,,,,,,103029,121713,202473,229072,223183,198340,144536,53034,5204,2022-11-04
Bulgaria,,,,,,103046,121738,202520,229115,223248,198426,144628,53079,5208,2022-11-05
Bulgaria,,,,,,103057,121751,202537,229137,223270,198454,144649,53092,5208,2022-11-06
Bulgaria,,,,,,103069,121758,202546,229145,223278,198469,144675,53102,5210,2022-11-07
Bulgaria,,,,,,103106,121788,202629,229256,223396,198582,144787,53161,5219,2022-11-08
Bulgaria,,,,,,103126,121807,202653,229297,223461,198649,144861,53201,5229,2022-11-09
Bulgaria,,,,,,103152,121836,202710,229365,223538,198719,144954,53241,5236,2022-11-10
Bulgaria,,,,,,103162,121853,202735,229403,223582,198793,145025,53263,5240,2022-11-11
Bulgaria,,,,,,103178,121872,202763,229432,223638,198849,145094,53296,5242,2022-11-12
Bulgaria,,,,,,103188,121880,202781,229446,223652,198875,145125,53304,5244,2022-11-13
Bulgaria,,,,,,103196,121888,202789,229450,223658,198886,145143,53318,5244,2022-11-14
Bulgaria,,,,,,103217,121913,202843,229516,223728,198962,145255,53370,5247,2022-11-15
Bulgaria,,,,,,103230,121930,202878,229556,223782,199011,145318,53398,5253,2022-11-16
Bulgaria,,,,,,103243,121947,202907,229593,223821,199062,145366,53423,5256,2022-11-17
Bulgaria,,,,,,103255,121961,202929,229621,223857,199104,145411,53442,5258,2022-11-18
Bulgaria,,,,,,103269,121971,202959,229658,223895,199167,145460,53470,5264,2022-11-19
Bulgaria,,,,,,103275,121977,202964,229663,223912,199188,145475,53477,5266,2022-11-20
Bulgaria,,,,,,103281,121979,202966,229668,223918,199200,145490,53480,5266,2022-11-21
Bulgaria,,,,,,103308,122007,203010,229704,223989,199270,145568,53518,5271,2022-11-22
Bulgaria,,,,,,103322,122020,203039,229719,224020,199302,145617,53542,5274,2022-11-23
Bulgaria,,,,,,103337,122038,203064,229749,224064,199351,145663,53564,5277,2022-11-24
Bulgaria,,,,,,103347,122051,203085,229772,224091,199386,145719,53576,5278,2022-11-25
Bulgaria,,,,,,103358,122059,203101,229792,224111,199421,145767,53596,5283,2022-11-26
Bulgaria,,,,,,103361,122063,203108,229795,224121,199428,145777,53602,5283,2022-11-27
Bulgaria,,,,,,103363,122065,203110,229799,224129,199435,145789,53609,5285,2022-11-28
Bulgaria,,,,,,103369,122080,203142,229838,224172,199480,145858,53642,5291,2022-11-29
Bulgaria,,,,,,103378,122087,203162,229852,224203,199503,145891,53666,5293,2022-11-30
Bulgaria,,,,,,103392,122104,203183,229892,224230,199541,145933,53685,5296,2022-12-01
Bulgaria,,,,,,103399,122109,203203,229913,224245,199567,145971,53705,5297,2022-12-02
Bulgaria,,,,,,103405,122123,203224,229946,224278,199594,146000,53723,5301,2022-12-03
Bulgaria,,,,,,103408,122127,203232,229955,224284,199603,146014,53728,5301,2022-12-04
Bulgaria,,,,,,103413,122130,203237,229960,224287,199609,146023,53733,5301,2022-12-05
Bulgaria,,,,,,103430,122145,203282,229996,224341,199666,146073,53753,5302,2022-12-06
Bulgaria,,,,,,103439,122154,203316,230023,224379,199704,146105,53772,5304,2022-12-07
Bulgaria,,,,,,103444,122162,203340,230046,224413,199746,146156,53787,5306,2022-12-08
Bulgaria,,,,,,103456,122175,203355,230073,224443,199780,146197,53799,5308,2022-12-09
Bulgaria,,,,,,103470,122181,203379,230101,224479,199817,146232,53815,5311,2022-12-10
Bulgaria,,,,,,103473,122186,203388,230107,224491,199828,146243,53826,5311,2022-12-11
Bulgaria,,,,,,103481,122193,203393,230114,224499,199837,146251,53832,5312,2022-12-12
Bulgaria,,,,,,103501,122212,203437,230163,224576,199889,146311,53850,5316,2022-12-13
Bulgaria,,,,,,103517,122220,203466,230191,224613,199924,146352,53872,5319,2022-12-14
Bulgaria,,,,,,103528,122232,203494,230217,224648,199954,146401,53891,5320,2022-12-15
Bulgaria,,,,,,103538,122251,203513,230238,224676,199983,146439,53909,5322,2022-12-16
Bulgaria,,,,,,103548,122264,203532,230269,224710,200024,146483,53928,5326,2022-12-17
Bulgaria,,,,,,103551,122267,203539,230277,224718,200029,146494,53937,5328,2022-12-18
Bulgaria,,,,,,103555,122270,203547,230282,224725,200033,146501,53943,5330,2022-12-19
Bulgaria,,,,,,103571,122280,203581,230308,224775,200084,146568,53971,5332,2022-12-20
Bulgaria,,,,,,103584,122285,203599,230325,224803,200123,146598,53986,5336,2022-12-21
Bulgaria,,,,,,103596,122299,203627,230344,224824,200158,146632,54003,5337,2022-12-22
Bulgaria,,,,,,103603,122305,203644,230367,224845,200184,146659,54022,5338,2022-12-23
Bulgaria,,,,,,103612,122314,203662,230383,224871,200228,146691,54042,5344,2022-12-24
Bulgaria,,,,,,103621,122319,203670,230393,224881,200246,146706,54047,5344,2022-12-25
Bulgaria,,,,,,103626,122322,203677,230403,224888,200252,146721,54053,5346,2022-12-26
Bulgaria,,,,,,103637,122326,203685,230410,224900,200266,146741,54064,5348,2022-12-27
Bulgaria,,,,,,103645,122333,203694,230421,224905,200279,146764,54082,5352,2022-12-28
Bulgaria,,,,,,103651,122335,203704,230429,224912,200293,146782,54090,5352,2022-12-29
Bulgaria,,,,,,103672,122351,203737,230464,224950,200336,146843,54125,5356,2022-12-30
Bulgaria,,,,,,103685,122368,203753,230491,224980,200364,146885,54146,5361,2022-12-31
Bulgaria,,,,,,103691,122371,203761,230493,224988,200378,146905,54154,5363,2023-01-01
Bulgaria,,,,,,103694,122374,203765,230498,224993,200387,146915,54158,5366,2023-01-02
Bulgaria,,,,,,103698,122379,203777,230508,225002,200399,146924,54168,5369,2023-01-03
Bulgaria,,,,,,103718,122400,203811,230545,225045,200439,146981,54209,5377,2023-01-04
Bulgaria,,,,,,103732,122415,203845,230583,225086,200476,147027,54236,5378,2023-01-05
Bulgaria,,,,,,103743,122428,203859,230610,225114,200511,147068,54254,5381,2023-01-06
Bulgaria,,,,,,103759,122436,203884,230631,225143,200529,147102,54274,5384,2023-01-07
Bulgaria,,,,,,103768,122440,203894,230633,225155,200544,147119,54278,5385,2023-01-08
Bulgaria,,,,,,103774,122442,203898,230638,225162,200550,147130,54282,5385,2023-01-09
Bulgaria,,,,,,103792,122454,203927,230669,225195,200601,147168,54296,5389,2023-01-10
Bulgaria,,,,,,103807,122459,203945,230695,225223,200623,147211,54328,5393,2023-01-11
Bulgaria,,,,,,103817,122463,203954,230713,225242,200647,147239,54340,5397,2023-01-12
Bulgaria,,,,,,103831,122470,203968,230734,225263,200672,147260,54353,5398,2023-01-13
Bulgaria,,,,,,103844,122476,203988,230746,225284,200693,147278,54362,5399,2023-01-14
Bulgaria,,,,,,103848,122476,203992,230748,225290,200698,147293,54371,5400,2023-01-15
Bulgaria,,,,,,103855,122477,203995,230751,225291,200704,147303,54376,5400,2023-01-16
