country,place_id,place,infected,infected_avg,infected_avg_100k,doses,doses_avg,fully_vaccinated,fully_vaccinated_avg,booster,booster_avg,date
Bulgaria,1,Благоевград,5,1,2,,,,,,,2020-06-17
Bulgaria,1,Благоевград,40,3,13,,,,,,,2020-07-01
Bulgaria,1,Благоевград,141,10,47,,,,,,,2020-07-15
Bulgaria,1,Благоевград,281,20,93,,,,,,,2020-07-29
Bulgaria,1,Благоевград,374,27,124,,,,,,,2020-08-12
Bulgaria,1,Благоевград,270,19,90,,,,,,,2020-08-26
Bulgaria,1,Благоевград,270,19,90,,,,,,,2020-09-09
Bulgaria,1,Благоевград,299,21,99,,,,,,,2020-09-23
Bulgaria,1,Благоевград,323,23,107,,,,,,,2020-10-07
Bulgaria,1,Благоевград,697,50,231,,,,,,,2020-10-21
Bulgaria,1,Благоевград,1407,101,467,,,,,,,2020-11-04
Bulgaria,1,Благоевград,2256,161,749,,,,,,,2020-11-18
Bulgaria,1,Благоевград,1706,122,567,,,,,,,2020-12-02
Bulgaria,1,Благоевград,1471,105,488,,,,,,,2020-12-16
Bulgaria,1,Благоевград,552,39,183,,,,,,,2020-12-30
Bulgaria,1,Благоевград,371,27,123,,,,,,,2021-01-13
Bulgaria,1,Благоевград,247,18,82,,,,,,,2021-01-27
Bulgaria,1,Благоевград,459,33,152,42,8,,,,,2021-02-10
Bulgaria,1,Благоевград,587,42,195,2103,150,76,7,,,2021-02-24
Bulgaria,1,Благоевград,1021,73,339,5409,386,437,34,,,2021-03-10
Bulgaria,1,Благоевград,1720,123,571,3047,218,438,31,,,2021-03-24
Bulgaria,1,Благоевград,1730,124,574,3515,270,955,73,,,2021-04-07
Bulgaria,1,Благоевград,1023,73,340,3986,307,1245,96,,,2021-04-21
Bulgaria,1,Благоевград,561,40,186,5585,430,2156,166,,,2021-05-05
Bulgaria,1,Благоевград,427,31,142,11339,945,7519,627,,,2021-05-19
Bulgaria,1,Благоевград,191,14,63,9410,724,5790,445,,,2021-06-02
Bulgaria,1,Благоевград,114,8,38,8001,615,5536,426,,,2021-06-16
Bulgaria,1,Благоевград,53,4,18,5699,518,3915,356,,,2021-06-30
Bulgaria,1,Благоевград,38,3,13,4663,424,2960,269,,,2021-07-14
Bulgaria,1,Благоевград,64,5,21,4607,329,2894,207,,,2021-07-28
Bulgaria,1,Благоевград,159,11,53,4764,340,2822,202,,,2021-08-11
Bulgaria,1,Благоевград,466,33,155,4365,312,2780,199,,,2021-08-25
Bulgaria,1,Благоевград,873,62,290,4356,311,2950,211,,,2021-09-08
Bulgaria,1,Благоевград,1211,87,402,3589,256,2632,188,,,2021-09-22
Bulgaria,1,Благоевград,1248,89,414,2524,180,1694,121,,,2021-10-06
Bulgaria,1,Благоевград,1552,111,515,2045,157,1226,94,35,9,2021-10-20
Bulgaria,1,Благоевград,2777,198,922,5524,502,2434,221,228,21,2021-11-03
Bulgaria,1,Благоевград,2442,174,811,7728,552,4097,293,827,59,2021-11-17
Bulgaria,1,Благоевград,1489,106,494,8104,579,4632,331,1596,114,2021-12-01
Bulgaria,1,Благоевград,960,69,319,6969,498,3159,226,2516,180,2021-12-15
Bulgaria,1,Благоевград,663,47,220,5399,386,2236,160,2444,175,2021-12-29
Bulgaria,1,Благоевград,4068,291,1351,8945,639,1890,135,6119,437,2022-01-12
Bulgaria,1,Благоевград,7507,536,2493,6886,492,1098,78,5011,358,2022-01-26
Bulgaria,1,Благоевград,3742,267,1243,3300,236,1168,83,1871,134,2022-02-09
Bulgaria,1,Благоевград,1287,92,427,2400,171,765,55,1482,106,2022-02-23
Bulgaria,1,Благоевград,278,20,92,1108,79,347,25,721,52,2022-03-09
Bulgaria,1,Благоевград,197,14,65,902,64,23,2,627,45,2022-03-23
Bulgaria,1,Благоевград,109,8,36,820,59,140,10,632,45,2022-04-06
Bulgaria,1,Благоевград,131,9,44,742,53,117,8,569,41,2022-04-20
Bulgaria,1,Благоевград,177,13,59,427,31,96,7,308,22,2022-05-04
Bulgaria,1,Благоевград,164,12,54,319,23,77,6,215,15,2022-05-18
Bulgaria,1,Благоевград,117,8,39,225,16,65,5,146,10,2022-06-01
Bulgaria,1,Благоевград,107,8,36,119,9,53,4,61,4,2022-06-15
Bulgaria,1,Благоевград,109,8,36,168,12,32,2,131,9,2022-06-29
Bulgaria,1,Благоевград,305,22,101,556,40,-72835,-5203,-25754,-1840,2022-07-13
Bulgaria,1,Благоевград,743,53,247,1074,77,579,41,0,0,2022-07-27
Bulgaria,12,Бургас,1,0,0,,,,,,,2020-06-17
Bulgaria,12,Бургас,60,4,15,,,,,,,2020-07-01
Bulgaria,12,Бургас,77,6,19,,,,,,,2020-07-15
Bulgaria,12,Бургас,115,8,28,,,,,,,2020-07-29
Bulgaria,12,Бургас,63,5,15,,,,,,,2020-08-12
Bulgaria,12,Бургас,44,3,11,,,,,,,2020-08-26
Bulgaria,12,Бургас,97,7,24,,,,,,,2020-09-09
Bulgaria,12,Бургас,128,9,31,,,,,,,2020-09-23
Bulgaria,12,Бургас,283,20,69,,,,,,,2020-10-07
Bulgaria,12,Бургас,484,35,118,,,,,,,2020-10-21
Bulgaria,12,Бургас,908,65,222,,,,,,,2020-11-04
Bulgaria,12,Бургас,2236,160,546,,,,,,,2020-11-18
Bulgaria,12,Бургас,2646,189,646,,,,,,,2020-12-02
Bulgaria,12,Бургас,3017,216,736,,,,,,,2020-12-16
Bulgaria,12,Бургас,976,70,238,,,,,,,2020-12-30
Bulgaria,12,Бургас,724,52,177,,,,,,,2021-01-13
Bulgaria,12,Бургас,502,36,123,,,,,,,2021-01-27
Bulgaria,12,Бургас,894,64,218,454,91,,,,,2021-02-10
Bulgaria,12,Бургас,1269,91,310,5201,372,493,45,,,2021-02-24
Bulgaria,12,Бургас,2344,167,572,8746,625,1077,83,,,2021-03-10
Bulgaria,12,Бургас,3700,264,903,5279,377,1432,102,,,2021-03-24
Bulgaria,12,Бургас,3346,239,817,5729,409,892,64,,,2021-04-07
Bulgaria,12,Бургас,1784,127,435,8425,602,1437,103,,,2021-04-21
Bulgaria,12,Бургас,943,67,230,10819,773,5021,359,,,2021-05-05
Bulgaria,12,Бургас,462,33,113,20074,1434,13574,970,,,2021-05-19
Bulgaria,12,Бургас,146,10,36,12712,978,7871,605,,,2021-06-02
Bulgaria,12,Бургас,57,4,14,13832,1153,9821,818,,,2021-06-16
Bulgaria,12,Бургас,41,3,10,8808,801,6006,546,,,2021-06-30
Bulgaria,12,Бургас,56,4,14,6874,573,4028,336,,,2021-07-14
Bulgaria,12,Бургас,161,12,39,6833,488,3939,281,,,2021-07-28
Bulgaria,12,Бургас,511,37,125,7778,556,4088,292,,,2021-08-11
Bulgaria,12,Бургас,1395,100,340,7834,560,4760,340,,,2021-08-25
Bulgaria,12,Бургас,1570,112,383,7611,544,4943,353,,,2021-09-08
Bulgaria,12,Бургас,1372,98,335,6533,467,4517,323,,,2021-09-22
Bulgaria,12,Бургас,1229,88,300,4804,343,3293,235,,,2021-10-06
Bulgaria,12,Бургас,1563,112,381,3751,289,2064,159,92,23,2021-10-20
Bulgaria,12,Бургас,2761,197,674,10276,934,5508,501,453,41,2021-11-03
Bulgaria,12,Бургас,2419,173,590,12715,908,7198,514,1832,131,2021-11-17
Bulgaria,12,Бургас,1599,114,390,13270,948,7544,539,3336,238,2021-12-01
Bulgaria,12,Бургас,1451,104,354,11135,795,4418,316,5217,373,2021-12-15
Bulgaria,12,Бургас,1271,91,310,7979,570,2825,202,4160,297,2021-12-29
Bulgaria,12,Бургас,4113,294,1004,15342,1096,2749,196,10851,775,2022-01-12
Bulgaria,12,Бургас,6941,496,1694,11434,817,1681,120,8284,592,2022-01-26
Bulgaria,12,Бургас,8497,607,2074,6420,459,2401,172,3357,240,2022-02-09
Bulgaria,12,Бургас,5346,382,1305,3792,271,1488,106,2028,145,2022-02-23
Bulgaria,12,Бургас,2422,173,591,1748,125,631,45,1045,75,2022-03-09
Bulgaria,12,Бургас,1803,129,440,1396,100,117,8,953,68,2022-03-23
Bulgaria,12,Бургас,879,63,215,1058,76,192,14,768,55,2022-04-06
Bulgaria,12,Бургас,294,21,72,879,63,159,11,660,47,2022-04-20
Bulgaria,12,Бургас,339,24,83,563,40,145,10,356,25,2022-05-04
Bulgaria,12,Бургас,192,14,47,585,42,144,10,384,27,2022-05-18
Bulgaria,12,Бургас,126,9,31,462,36,110,8,311,24,2022-06-01
Bulgaria,12,Бургас,111,8,27,345,25,80,6,234,17,2022-06-15
Bulgaria,12,Бургас,281,20,69,444,32,81,6,334,24,2022-06-29
Bulgaria,12,Бургас,828,59,202,1275,91,-120840,-8631,-45193,-3228,2022-07-13
Bulgaria,12,Бургас,1512,108,369,2420,173,1349,96,0,0,2022-07-27
Bulgaria,2,Варна,2,0,1,,,,,,,2020-06-17
Bulgaria,2,Варна,61,4,13,,,,,,,2020-07-01
Bulgaria,2,Варна,161,12,34,,,,,,,2020-07-15
Bulgaria,2,Варна,356,25,76,,,,,,,2020-07-29
Bulgaria,2,Варна,406,29,86,,,,,,,2020-08-12
Bulgaria,2,Варна,164,12,35,,,,,,,2020-08-26
Bulgaria,2,Варна,129,9,27,,,,,,,2020-09-09
Bulgaria,2,Варна,124,9,26,,,,,,,2020-09-23
Bulgaria,2,Варна,162,12,34,,,,,,,2020-10-07
Bulgaria,2,Варна,441,32,94,,,,,,,2020-10-21
Bulgaria,2,Варна,1544,110,328,,,,,,,2020-11-04
Bulgaria,2,Варна,3174,227,675,,,,,,,2020-11-18
Bulgaria,2,Варна,3328,238,708,,,,,,,2020-12-02
Bulgaria,2,Варна,3436,245,731,,,,,,,2020-12-16
Bulgaria,2,Варна,1478,106,314,,,,,,,2020-12-30
Bulgaria,2,Варна,892,64,190,,,,,,,2021-01-13
Bulgaria,2,Варна,338,24,72,,,,,,,2021-01-27
Bulgaria,2,Варна,392,28,83,527,105,,,,,2021-02-10
Bulgaria,2,Варна,710,51,151,5749,411,762,69,,,2021-02-24
Bulgaria,2,Варна,1511,108,321,10115,723,1924,148,,,2021-03-10
Bulgaria,2,Варна,3313,237,705,5636,403,3550,254,,,2021-03-24
Bulgaria,2,Варна,4099,293,872,5685,406,1534,110,,,2021-04-07
Bulgaria,2,Варна,2644,189,562,8138,581,698,50,,,2021-04-21
Bulgaria,2,Варна,1395,100,297,10843,775,2955,211,,,2021-05-05
Bulgaria,2,Варна,749,54,159,21525,1538,14441,1032,,,2021-05-19
Bulgaria,2,Варна,303,22,64,15810,1129,9196,657,,,2021-06-02
Bulgaria,2,Варна,113,8,24,15919,1137,10788,771,,,2021-06-16
Bulgaria,2,Варна,65,5,14,10250,732,6784,485,,,2021-06-30
Bulgaria,2,Варна,59,4,13,8306,692,5003,417,,,2021-07-14
Bulgaria,2,Варна,127,9,27,8267,591,4669,334,,,2021-07-28
Bulgaria,2,Варна,449,32,96,8818,630,4835,345,,,2021-08-11
Bulgaria,2,Варна,1098,78,234,9122,652,5650,404,,,2021-08-25
Bulgaria,2,Варна,1707,122,363,8780,627,5712,408,,,2021-09-08
Bulgaria,2,Варна,1803,129,384,7750,554,5504,393,,,2021-09-22
Bulgaria,2,Варна,1828,131,389,5818,416,3954,282,,,2021-10-06
Bulgaria,2,Варна,2915,208,620,4706,362,2696,207,161,40,2021-10-20
Bulgaria,2,Варна,5474,391,1164,14033,1276,7711,701,525,48,2021-11-03
Bulgaria,2,Варна,3982,284,847,17257,1233,9999,714,1738,124,2021-11-17
Bulgaria,2,Варна,2298,164,489,17363,1240,10328,738,3514,251,2021-12-01
Bulgaria,2,Варна,1740,124,370,14457,1033,6443,460,5788,413,2021-12-15
Bulgaria,2,Варна,1534,110,326,10027,716,3916,280,4681,334,2021-12-29
Bulgaria,2,Варна,4633,331,985,17376,1241,4065,290,11427,816,2022-01-12
Bulgaria,2,Варна,7587,542,1614,14723,1052,2494,178,10709,765,2022-01-26
Bulgaria,2,Варна,9947,711,2116,7661,547,2780,199,4230,302,2022-02-09
Bulgaria,2,Варна,8765,626,1864,4633,331,1820,130,2499,179,2022-02-23
Bulgaria,2,Варна,4462,319,949,2417,173,876,63,1431,102,2022-03-09
Bulgaria,2,Варна,2626,188,559,1824,130,-200,-14,1166,83,2022-03-23
Bulgaria,2,Варна,1089,78,232,1431,102,360,26,960,69,2022-04-06
Bulgaria,2,Варна,467,33,99,1321,94,280,20,920,66,2022-04-20
Bulgaria,2,Варна,283,20,60,926,66,258,18,607,43,2022-05-04
Bulgaria,2,Варна,201,14,43,882,63,257,18,538,38,2022-05-18
Bulgaria,2,Варна,99,7,21,683,49,191,14,442,32,2022-06-01
Bulgaria,2,Варна,103,7,22,549,42,159,12,325,25,2022-06-15
Bulgaria,2,Варна,371,27,79,660,47,170,12,432,31,2022-06-29
Bulgaria,2,Варна,979,70,208,1894,135,-147771,-10555,-52939,-3781,2022-07-13
Bulgaria,2,Варна,2012,144,428,3393,242,1872,134,0,0,2022-07-27
Bulgaria,10,Велико Търново,1,0,1,,,,,,,2020-06-17
Bulgaria,10,Велико Търново,12,1,5,,,,,,,2020-07-01
Bulgaria,10,Велико Търново,97,7,42,,,,,,,2020-07-15
Bulgaria,10,Велико Търново,94,7,41,,,,,,,2020-07-29
Bulgaria,10,Велико Търново,32,2,14,,,,,,,2020-08-12
Bulgaria,10,Велико Търново,24,2,10,,,,,,,2020-08-26
Bulgaria,10,Велико Търново,9,1,4,,,,,,,2020-09-09
Bulgaria,10,Велико Търново,23,2,10,,,,,,,2020-09-23
Bulgaria,10,Велико Търново,38,3,17,,,,,,,2020-10-07
Bulgaria,10,Велико Търново,150,11,65,,,,,,,2020-10-21
Bulgaria,10,Велико Търново,411,29,179,,,,,,,2020-11-04
Bulgaria,10,Велико Търново,919,66,400,,,,,,,2020-11-18
Bulgaria,10,Велико Търново,1046,75,455,,,,,,,2020-12-02
Bulgaria,10,Велико Търново,1073,77,467,,,,,,,2020-12-16
Bulgaria,10,Велико Търново,421,30,183,,,,,,,2020-12-30
Bulgaria,10,Велико Търново,246,18,107,,,,,,,2021-01-13
Bulgaria,10,Велико Търново,127,9,55,,,,,,,2021-01-27
Bulgaria,10,Велико Търново,172,12,75,96,19,,,,,2021-02-10
Bulgaria,10,Велико Търново,243,17,106,1629,116,233,21,,,2021-02-24
Bulgaria,10,Велико Търново,546,39,238,5580,399,414,32,,,2021-03-10
Bulgaria,10,Велико Търново,1028,73,448,2989,214,787,56,,,2021-03-24
Bulgaria,10,Велико Търново,1123,80,489,2572,184,288,21,,,2021-04-07
Bulgaria,10,Велико Търново,819,59,357,2475,177,738,53,,,2021-04-21
Bulgaria,10,Велико Търново,465,33,202,3910,279,1488,106,,,2021-05-05
Bulgaria,10,Велико Търново,355,25,155,8927,638,6510,465,,,2021-05-19
Bulgaria,10,Велико Търново,111,8,48,5825,485,3903,325,,,2021-06-02
Bulgaria,10,Велико Търново,54,4,24,5488,422,3781,291,,,2021-06-16
Bulgaria,10,Велико Търново,25,2,11,3739,374,2615,262,,,2021-06-30
Bulgaria,10,Велико Търново,27,2,12,3298,366,2010,223,,,2021-07-14
Bulgaria,10,Велико Търново,44,3,19,3277,298,1909,174,,,2021-07-28
Bulgaria,10,Велико Търново,224,16,98,3248,271,1989,166,,,2021-08-11
Bulgaria,10,Велико Търново,802,57,349,3659,261,2303,165,,,2021-08-25
Bulgaria,10,Велико Търново,877,63,382,3608,258,2334,167,,,2021-09-08
Bulgaria,10,Велико Търново,914,65,398,3050,218,2178,156,,,2021-09-22
Bulgaria,10,Велико Търново,851,61,370,2325,166,1575,113,,,2021-10-06
Bulgaria,10,Велико Търново,1002,72,436,1573,121,977,75,26,7,2021-10-20
Bulgaria,10,Велико Търново,1728,123,752,3797,345,2204,200,160,15,2021-11-03
Bulgaria,10,Велико Търново,1198,86,522,5307,379,2830,202,620,44,2021-11-17
Bulgaria,10,Велико Търново,780,56,340,5888,421,3004,215,1628,116,2021-12-01
Bulgaria,10,Велико Търново,593,42,258,5310,379,1996,143,2500,179,2021-12-15
Bulgaria,10,Велико Търново,403,29,175,3937,281,1382,99,2030,145,2021-12-29
Bulgaria,10,Велико Търново,1116,80,486,6464,462,1308,93,4473,320,2022-01-12
Bulgaria,10,Велико Търново,1687,121,734,6505,465,778,56,5063,362,2022-01-26
Bulgaria,10,Велико Търново,2325,166,1012,3223,230,1147,82,1861,133,2022-02-09
Bulgaria,10,Велико Търново,1799,129,783,1650,118,573,41,949,68,2022-02-23
Bulgaria,10,Велико Търново,873,62,380,814,58,283,20,493,35,2022-03-09
Bulgaria,10,Велико Търново,646,46,281,654,47,-132,-9,435,31,2022-03-23
Bulgaria,10,Велико Търново,474,34,206,392,28,74,5,282,20,2022-04-06
Bulgaria,10,Велико Търново,209,15,91,459,33,75,5,337,24,2022-04-20
Bulgaria,10,Велико Търново,132,9,57,247,18,72,5,155,11,2022-05-04
Bulgaria,10,Велико Търново,108,8,47,204,16,55,4,128,10,2022-05-18
Bulgaria,10,Велико Търново,41,3,18,138,11,26,2,105,8,2022-06-01
Bulgaria,10,Велико Търново,38,3,17,95,7,25,2,65,5,2022-06-15
Bulgaria,10,Велико Търново,58,4,25,135,10,21,2,106,8,2022-06-29
Bulgaria,10,Велико Търново,106,8,46,488,38,-53522,-4117,-21666,-1667,2022-07-13
Bulgaria,10,Велико Търново,289,21,126,1068,76,668,48,0,0,2022-07-27
Bulgaria,28,Видин,5,1,9,,,,,,,2020-06-17
Bulgaria,28,Видин,20,1,25,,,,,,,2020-07-01
Bulgaria,28,Видин,3,0,4,,,,,,,2020-07-15
Bulgaria,28,Видин,10,1,12,,,,,,,2020-07-29
Bulgaria,28,Видин,12,1,15,,,,,,,2020-08-12
Bulgaria,28,Видин,10,1,12,,,,,,,2020-08-26
Bulgaria,28,Видин,6,0,7,,,,,,,2020-09-09
Bulgaria,28,Видин,1,0,1,,,,,,,2020-09-23
Bulgaria,28,Видин,6,0,7,,,,,,,2020-10-07
Bulgaria,28,Видин,16,1,20,,,,,,,2020-10-21
Bulgaria,28,Видин,140,10,172,,,,,,,2020-11-04
Bulgaria,28,Видин,346,25,426,,,,,,,2020-11-18
Bulgaria,28,Видин,311,22,383,,,,,,,2020-12-02
Bulgaria,28,Видин,255,18,314,,,,,,,2020-12-16
Bulgaria,28,Видин,159,11,196,,,,,,,2020-12-30
Bulgaria,28,Видин,126,9,155,,,,,,,2021-01-13
Bulgaria,28,Видин,46,3,57,,,,,,,2021-01-27
Bulgaria,28,Видин,38,3,47,18,6,,,,,2021-02-10
Bulgaria,28,Видин,44,3,54,767,64,102,11,,,2021-02-24
Bulgaria,28,Видин,89,6,110,1996,181,204,20,,,2021-03-10
Bulgaria,28,Видин,234,17,288,749,54,209,15,,,2021-03-24
Bulgaria,28,Видин,274,20,337,1118,80,345,25,,,2021-04-07
Bulgaria,28,Видин,225,16,277,1460,104,145,10,,,2021-04-21
Bulgaria,28,Видин,169,12,208,1120,93,731,61,,,2021-05-05
Bulgaria,28,Видин,150,11,185,3211,229,2570,184,,,2021-05-19
Bulgaria,28,Видин,56,4,69,1345,122,901,82,,,2021-06-02
Bulgaria,28,Видин,36,3,44,1415,118,988,82,,,2021-06-16
Bulgaria,28,Видин,29,2,36,914,83,537,49,,,2021-06-30
Bulgaria,28,Видин,17,1,21,1049,117,721,80,,,2021-07-14
Bulgaria,28,Видин,3,0,4,626,209,346,115,,,2021-07-28
Bulgaria,28,Видин,28,2,34,1206,121,677,68,,,2021-08-11
Bulgaria,28,Видин,112,8,138,1075,77,694,50,,,2021-08-25
Bulgaria,28,Видин,195,14,240,919,66,646,46,,,2021-09-08
Bulgaria,28,Видин,328,23,404,858,61,575,41,,,2021-09-22
Bulgaria,28,Видин,380,27,468,673,48,479,34,,,2021-10-06
Bulgaria,28,Видин,795,57,979,526,40,286,22,9,2,2021-10-20
Bulgaria,28,Видин,877,63,1080,1371,125,768,70,83,8,2021-11-03
Bulgaria,28,Видин,578,41,712,1867,133,939,67,302,22,2021-11-17
Bulgaria,28,Видин,361,26,445,1952,139,1017,73,534,38,2021-12-01
Bulgaria,28,Видин,261,19,321,1752,135,671,52,854,66,2021-12-15
Bulgaria,28,Видин,166,12,204,1104,85,445,34,507,39,2021-12-29
Bulgaria,28,Видин,543,39,669,2693,192,543,39,1868,133,2022-01-12
Bulgaria,28,Видин,1110,79,1367,1752,125,225,16,1301,93,2022-01-26
Bulgaria,28,Видин,854,61,1052,918,66,402,29,450,32,2022-02-09
Bulgaria,28,Видин,530,38,653,539,39,202,14,279,20,2022-02-23
Bulgaria,28,Видин,265,19,326,293,21,100,7,170,12,2022-03-09
Bulgaria,28,Видин,261,19,321,187,13,1,0,109,8,2022-03-23
Bulgaria,28,Видин,208,15,256,168,12,39,3,115,8,2022-04-06
Bulgaria,28,Видин,120,9,148,144,10,24,2,102,7,2022-04-20
Bulgaria,28,Видин,130,9,160,86,6,26,2,59,4,2022-05-04
Bulgaria,28,Видин,65,5,80,85,7,11,1,64,5,2022-05-18
Bulgaria,28,Видин,44,3,54,58,4,10,1,43,3,2022-06-01
Bulgaria,28,Видин,15,1,18,27,2,7,1,18,2,2022-06-15
Bulgaria,28,Видин,26,2,32,49,4,4,0,40,3,2022-06-29
Bulgaria,28,Видин,67,5,83,326,30,-17090,-1554,-7000,-636,2022-07-13
Bulgaria,28,Видин,134,10,165,399,31,230,18,0,0,2022-07-27
Bulgaria,29,Враца,1,0,1,,,,,,,2020-06-17
Bulgaria,29,Враца,13,1,8,,,,,,,2020-07-01
Bulgaria,29,Враца,16,1,10,,,,,,,2020-07-15
Bulgaria,29,Враца,20,1,13,,,,,,,2020-07-29
Bulgaria,29,Враца,30,2,19,,,,,,,2020-08-12
Bulgaria,29,Враца,8,1,5,,,,,,,2020-08-26
Bulgaria,29,Враца,3,0,2,,,,,,,2020-09-09
Bulgaria,29,Враца,24,2,15,,,,,,,2020-09-23
Bulgaria,29,Враца,37,3,23,,,,,,,2020-10-07
Bulgaria,29,Враца,159,11,101,,,,,,,2020-10-21
Bulgaria,29,Враца,557,40,353,,,,,,,2020-11-04
Bulgaria,29,Враца,975,70,619,,,,,,,2020-11-18
Bulgaria,29,Враца,910,65,577,,,,,,,2020-12-02
Bulgaria,29,Враца,996,71,632,,,,,,,2020-12-16
Bulgaria,29,Враца,539,39,342,,,,,,,2020-12-30
Bulgaria,29,Враца,357,26,226,,,,,,,2021-01-13
Bulgaria,29,Враца,200,14,127,,,,,,,2021-01-27
Bulgaria,29,Враца,268,19,170,22,4,,,,,2021-02-10
Bulgaria,29,Враца,526,38,334,1447,111,119,12,,,2021-02-24
Bulgaria,29,Враца,874,62,554,3452,247,184,14,,,2021-03-10
Bulgaria,29,Враца,1327,95,842,2030,145,817,58,,,2021-03-24
Bulgaria,29,Враца,1174,84,745,3276,234,584,42,,,2021-04-07
Bulgaria,29,Враца,572,41,363,2722,194,1097,78,,,2021-04-21
Bulgaria,29,Враца,305,22,193,3648,281,2537,195,,,2021-05-05
Bulgaria,29,Враца,153,11,97,5497,393,3688,263,,,2021-05-19
Bulgaria,29,Враца,47,3,30,3066,256,1830,153,,,2021-06-02
Bulgaria,29,Враца,28,2,18,3544,354,2426,243,,,2021-06-16
Bulgaria,29,Враца,36,3,23,2523,194,1508,116,,,2021-06-30
Bulgaria,29,Враца,22,2,14,1936,215,1153,128,,,2021-07-14
Bulgaria,29,Враца,28,2,18,3008,251,1728,144,,,2021-07-28
Bulgaria,29,Враца,80,6,51,3114,240,1700,131,,,2021-08-11
Bulgaria,29,Враца,204,15,129,3086,220,2044,146,,,2021-08-25
Bulgaria,29,Враца,285,20,181,3589,256,2576,184,,,2021-09-08
Bulgaria,29,Враца,377,27,239,2987,213,2342,167,,,2021-09-22
Bulgaria,29,Враца,453,32,287,1689,121,1333,95,,,2021-10-06
Bulgaria,29,Враца,793,57,503,1251,96,801,62,24,6,2021-10-20
Bulgaria,29,Враца,1576,113,1000,3921,356,2587,235,150,14,2021-11-03
Bulgaria,29,Враца,1562,112,991,5069,362,3230,231,574,41,2021-11-17
Bulgaria,29,Враца,1073,77,681,4756,340,2835,203,1004,72,2021-12-01
Bulgaria,29,Враца,625,45,396,4102,293,1943,139,1581,113,2021-12-15
Bulgaria,29,Враца,456,33,289,2979,213,1417,101,1195,85,2021-12-29
Bulgaria,29,Враца,979,70,621,6329,452,1612,115,4173,298,2022-01-12
Bulgaria,29,Враца,1965,140,1247,4691,335,955,68,3251,232,2022-01-26
Bulgaria,29,Враца,2648,189,1680,2711,194,1137,81,1388,99,2022-02-09
Bulgaria,29,Враца,1773,127,1125,1415,101,626,45,726,52,2022-02-23
Bulgaria,29,Враца,567,41,360,805,58,334,24,462,33,2022-03-09
Bulgaria,29,Враца,421,30,267,528,38,-96,-7,345,25,2022-03-23
Bulgaria,29,Враца,307,22,195,368,26,81,6,260,19,2022-04-06
Bulgaria,29,Враца,182,13,115,383,27,92,7,273,20,2022-04-20
Bulgaria,29,Враца,133,10,84,234,17,77,6,141,10,2022-05-04
Bulgaria,29,Враца,89,6,56,187,13,66,5,107,8,2022-05-18
Bulgaria,29,Враца,64,5,41,133,10,35,3,84,6,2022-06-01
Bulgaria,29,Враца,53,4,34,96,8,29,2,58,5,2022-06-15
Bulgaria,29,Враца,90,6,57,124,9,33,2,85,6,2022-06-29
Bulgaria,29,Враца,244,17,155,451,32,-47005,-3358,-16113,-1151,2022-07-13
Bulgaria,29,Враца,333,24,211,699,50,401,29,0,0,2022-07-27
Bulgaria,3,Габрово,4,0,5,,,,,,,2020-06-17
Bulgaria,3,Габрово,3,0,3,,,,,,,2020-07-01
Bulgaria,3,Габрово,15,1,14,,,,,,,2020-07-15
Bulgaria,3,Габрово,78,6,74,,,,,,,2020-07-29
Bulgaria,3,Габрово,49,4,46,,,,,,,2020-08-12
Bulgaria,3,Габрово,12,1,11,,,,,,,2020-08-26
Bulgaria,3,Габрово,2,0,2,,,,,,,2020-09-09
Bulgaria,3,Габрово,24,2,23,,,,,,,2020-09-23
Bulgaria,3,Габрово,96,7,91,,,,,,,2020-10-07
Bulgaria,3,Габрово,169,12,160,,,,,,,2020-10-21
Bulgaria,3,Габрово,557,40,527,,,,,,,2020-11-04
Bulgaria,3,Габрово,1169,84,1105,,,,,,,2020-11-18
Bulgaria,3,Габрово,1059,76,1001,,,,,,,2020-12-02
Bulgaria,3,Габрово,639,46,604,,,,,,,2020-12-16
Bulgaria,3,Габрово,199,14,188,,,,,,,2020-12-30
Bulgaria,3,Габрово,125,9,118,,,,,,,2021-01-13
Bulgaria,3,Габрово,47,3,44,,,,,,,2021-01-27
Bulgaria,3,Габрово,91,7,86,12,3,,,,,2021-02-10
Bulgaria,3,Габрово,138,10,130,1575,131,181,20,,,2021-02-24
Bulgaria,3,Габрово,318,23,301,2939,210,428,33,,,2021-03-10
Bulgaria,3,Габрово,518,37,490,1724,123,560,40,,,2021-03-24
Bulgaria,3,Габрово,500,36,473,2252,161,441,32,,,2021-04-07
Bulgaria,3,Габрово,396,28,374,2059,158,590,45,,,2021-04-21
Bulgaria,3,Габрово,258,18,244,3257,233,1484,106,,,2021-05-05
Bulgaria,3,Габрово,235,17,222,5412,387,4231,302,,,2021-05-19
Bulgaria,3,Габрово,72,5,68,3031,253,1662,139,,,2021-06-02
Bulgaria,3,Габрово,32,2,30,3357,280,2280,190,,,2021-06-16
Bulgaria,3,Габрово,20,1,19,2305,231,1672,167,,,2021-06-30
Bulgaria,3,Габрово,7,1,7,2093,419,1196,239,,,2021-07-14
Bulgaria,3,Габрово,15,1,14,1790,224,960,120,,,2021-07-28
Bulgaria,3,Габрово,78,6,74,2448,175,1469,105,,,2021-08-11
Bulgaria,3,Габрово,207,15,196,2211,158,1442,103,,,2021-08-25
Bulgaria,3,Габрово,349,25,330,1909,136,1289,92,,,2021-09-08
Bulgaria,3,Габрово,446,32,422,1747,125,1240,89,,,2021-09-22
Bulgaria,3,Габрово,677,48,640,1213,87,842,60,,,2021-10-06
Bulgaria,3,Габрово,875,63,827,1085,83,592,46,17,4,2021-10-20
Bulgaria,3,Габрово,1159,83,1096,2288,208,1260,115,149,14,2021-11-03
Bulgaria,3,Габрово,945,68,893,3307,236,1712,122,607,43,2021-11-17
Bulgaria,3,Габрово,593,42,561,3268,233,1681,120,975,70,2021-12-01
Bulgaria,3,Габрово,422,30,399,3012,215,1022,73,1576,113,2021-12-15
Bulgaria,3,Габрово,226,16,214,1961,140,645,46,1085,78,2021-12-29
Bulgaria,3,Габрово,707,51,668,4541,324,675,48,3399,243,2022-01-12
Bulgaria,3,Габрово,1721,123,1627,3046,218,359,26,2370,169,2022-01-26
Bulgaria,3,Габрово,1729,124,1634,1669,119,599,43,960,69,2022-02-09
Bulgaria,3,Габрово,945,68,893,887,63,284,20,525,38,2022-02-23
Bulgaria,3,Габрово,385,28,364,388,28,124,9,246,18,2022-03-09
Bulgaria,3,Габрово,239,17,226,307,22,-3,0,203,15,2022-03-23
Bulgaria,3,Габрово,209,15,198,294,21,60,4,209,15,2022-04-06
Bulgaria,3,Габрово,154,11,146,266,19,29,2,222,16,2022-04-20
Bulgaria,3,Габрово,114,8,108,167,12,25,2,122,9,2022-05-04
Bulgaria,3,Габрово,61,4,58,182,13,35,3,133,10,2022-05-18
Bulgaria,3,Габрово,42,3,40,99,8,15,1,75,6,2022-06-01
Bulgaria,3,Габрово,28,2,26,48,4,8,1,36,3,2022-06-15
Bulgaria,3,Габрово,82,6,78,81,6,10,1,57,4,2022-06-29
Bulgaria,3,Габрово,113,8,107,370,26,-31904,-2279,-13192,-942,2022-07-13
Bulgaria,3,Габрово,306,22,289,835,60,544,39,0,0,2022-07-27
Bulgaria,14,Добрич,4,0,3,,,,,,,2020-06-17
Bulgaria,14,Добрич,2,0,1,,,,,,,2020-07-01
Bulgaria,14,Добрич,56,4,33,,,,,,,2020-07-15
Bulgaria,14,Добрич,154,11,90,,,,,,,2020-07-29
Bulgaria,14,Добрич,261,19,153,,,,,,,2020-08-12
Bulgaria,14,Добрич,182,13,107,,,,,,,2020-08-26
Bulgaria,14,Добрич,73,5,43,,,,,,,2020-09-09
Bulgaria,14,Добрич,37,3,22,,,,,,,2020-09-23
Bulgaria,14,Добрич,55,4,32,,,,,,,2020-10-07
Bulgaria,14,Добрич,115,8,68,,,,,,,2020-10-21
Bulgaria,14,Добрич,188,13,110,,,,,,,2020-11-04
Bulgaria,14,Добрич,453,32,266,,,,,,,2020-11-18
Bulgaria,14,Добрич,784,56,460,,,,,,,2020-12-02
Bulgaria,14,Добрич,673,48,395,,,,,,,2020-12-16
Bulgaria,14,Добрич,432,31,254,,,,,,,2020-12-30
Bulgaria,14,Добрич,253,18,149,,,,,,,2021-01-13
Bulgaria,14,Добрич,109,8,64,,,,,,,2021-01-27
Bulgaria,14,Добрич,55,4,32,108,27,,,,,2021-02-10
Bulgaria,14,Добрич,150,11,88,1451,112,113,11,,,2021-02-24
Bulgaria,14,Добрич,344,25,202,2593,185,438,34,,,2021-03-10
Bulgaria,14,Добрич,771,55,453,1274,91,414,30,,,2021-03-24
Bulgaria,14,Добрич,1082,77,635,2269,162,360,26,,,2021-04-07
Bulgaria,14,Добрич,920,66,540,2028,145,411,29,,,2021-04-21
Bulgaria,14,Добрич,433,31,254,2943,210,1435,103,,,2021-05-05
Bulgaria,14,Добрич,223,16,131,6221,444,3682,263,,,2021-05-19
Bulgaria,14,Добрич,90,6,53,4894,408,2166,181,,,2021-06-02
Bulgaria,14,Добрич,47,3,28,5752,523,4067,370,,,2021-06-16
Bulgaria,14,Добрич,26,2,15,4112,457,2706,301,,,2021-06-30
Bulgaria,14,Добрич,11,1,6,2082,347,1218,203,,,2021-07-14
Bulgaria,14,Добрич,22,2,13,2929,293,1803,180,,,2021-07-28
Bulgaria,14,Добрич,144,10,85,3106,222,1929,138,,,2021-08-11
Bulgaria,14,Добрич,256,18,150,2996,214,1977,141,,,2021-08-25
Bulgaria,14,Добрич,324,23,190,2957,211,1953,140,,,2021-09-08
Bulgaria,14,Добрич,409,29,240,2587,185,1773,127,,,2021-09-22
Bulgaria,14,Добрич,562,40,330,1923,137,1381,99,,,2021-10-06
Bulgaria,14,Добрич,911,65,535,1524,117,913,70,22,6,2021-10-20
Bulgaria,14,Добрич,1132,81,665,3783,344,1719,156,126,11,2021-11-03
Bulgaria,14,Добрич,915,65,537,4816,344,2776,198,384,27,2021-11-17
Bulgaria,14,Добрич,654,47,384,5437,388,3398,243,803,57,2021-12-01
Bulgaria,14,Добрич,411,29,241,4094,292,1848,132,1507,108,2021-12-15
Bulgaria,14,Добрич,216,15,127,2900,207,1196,85,1199,86,2021-12-29
Bulgaria,14,Добрич,637,46,374,5229,374,1248,89,3406,243,2022-01-12
Bulgaria,14,Добрич,1552,111,911,5342,382,659,47,3971,284,2022-01-26
Bulgaria,14,Добрич,2056,147,1207,2593,185,933,67,1406,100,2022-02-09
Bulgaria,14,Добрич,1497,107,879,1648,118,642,46,879,63,2022-02-23
Bulgaria,14,Добрич,733,52,430,644,46,236,17,355,25,2022-03-09
Bulgaria,14,Добрич,655,47,385,523,37,-16,-1,340,24,2022-03-23
Bulgaria,14,Добрич,400,29,235,180,13,54,4,110,8,2022-04-06
Bulgaria,14,Добрич,196,14,115,314,24,57,4,227,17,2022-04-20
Bulgaria,14,Добрич,93,7,55,124,10,28,2,86,7,2022-05-04
Bulgaria,14,Добрич,31,2,18,150,14,40,4,98,9,2022-05-18
Bulgaria,14,Добрич,24,2,14,77,6,20,2,55,5,2022-06-01
Bulgaria,14,Добрич,22,2,13,59,5,8,1,46,4,2022-06-15
Bulgaria,14,Добрич,62,4,36,83,6,13,1,61,4,2022-06-29
Bulgaria,14,Добрич,240,17,141,363,26,-45837,-3274,-15208,-1086,2022-07-13
Bulgaria,14,Добрич,375,27,220,527,38,291,21,0,0,2022-07-27
Bulgaria,23,Кърджали,21,2,18,,,,,,,2020-06-17
Bulgaria,23,Кърджали,20,1,12,,,,,,,2020-07-01
Bulgaria,23,Кърджали,32,2,20,,,,,,,2020-07-15
Bulgaria,23,Кърджали,30,2,19,,,,,,,2020-07-29
Bulgaria,23,Кърджали,26,2,16,,,,,,,2020-08-12
Bulgaria,23,Кърджали,25,2,16,,,,,,,2020-08-26
Bulgaria,23,Кърджали,47,3,29,,,,,,,2020-09-09
Bulgaria,23,Кърджали,50,4,31,,,,,,,2020-09-23
Bulgaria,23,Кърджали,83,6,52,,,,,,,2020-10-07
Bulgaria,23,Кърджали,180,13,112,,,,,,,2020-10-21
Bulgaria,23,Кърджали,458,33,285,,,,,,,2020-11-04
Bulgaria,23,Кърджали,252,18,157,,,,,,,2020-11-18
Bulgaria,23,Кърджали,172,12,107,,,,,,,2020-12-02
Bulgaria,23,Кърджали,255,18,159,,,,,,,2020-12-16
Bulgaria,23,Кърджали,145,10,90,,,,,,,2020-12-30
Bulgaria,23,Кърджали,185,13,115,,,,,,,2021-01-13
Bulgaria,23,Кърджали,107,8,67,,,,,,,2021-01-27
Bulgaria,23,Кърджали,141,10,88,60,15,,,,,2021-02-10
Bulgaria,23,Кърджали,92,7,57,1559,130,123,14,,,2021-02-24
Bulgaria,23,Кърджали,213,15,132,2679,206,214,18,,,2021-03-10
Bulgaria,23,Кърджали,425,30,264,1108,79,363,26,,,2021-03-24
Bulgaria,23,Кърджали,593,42,369,1820,130,534,38,,,2021-04-07
Bulgaria,23,Кърджали,545,39,339,2481,177,317,23,,,2021-04-21
Bulgaria,23,Кърджали,227,16,141,3864,276,1796,128,,,2021-05-05
Bulgaria,23,Кърджали,106,8,66,6339,488,3850,296,,,2021-05-19
Bulgaria,23,Кърджали,91,7,57,6078,553,3484,317,,,2021-06-02
Bulgaria,23,Кърджали,31,2,19,5380,598,3224,358,,,2021-06-16
Bulgaria,23,Кърджали,27,2,17,4305,538,2656,332,,,2021-06-30
Bulgaria,23,Кърджали,4,0,2,4035,1009,2690,673,,,2021-07-14
Bulgaria,23,Кърджали,20,1,12,3093,387,1871,234,,,2021-07-28
Bulgaria,23,Кърджали,59,4,37,3098,258,1798,150,,,2021-08-11
Bulgaria,23,Кърджали,204,15,127,3284,253,1917,147,,,2021-08-25
Bulgaria,23,Кърджали,271,19,169,4147,296,1933,138,,,2021-09-08
Bulgaria,23,Кърджали,237,17,147,4108,293,2212,158,,,2021-09-22
Bulgaria,23,Кърджали,170,12,106,3598,257,2686,192,,,2021-10-06
Bulgaria,23,Кърджали,214,15,133,1887,145,1195,92,14,4,2021-10-20
Bulgaria,23,Кърджали,407,29,253,3899,354,1810,165,118,11,2021-11-03
Bulgaria,23,Кърджали,346,25,215,4568,326,2594,185,368,26,2021-11-17
Bulgaria,23,Кърджали,306,22,190,4708,336,2715,194,857,61,2021-12-01
Bulgaria,23,Кърджали,222,16,138,3793,271,1551,111,1337,96,2021-12-15
Bulgaria,23,Кърджали,117,8,73,3098,221,1265,90,1225,88,2021-12-29
Bulgaria,23,Кърджали,259,19,161,5478,391,1272,91,3372,241,2022-01-12
Bulgaria,23,Кърджали,683,49,425,3888,278,798,57,2605,186,2022-01-26
Bulgaria,23,Кърджали,913,65,568,2223,159,852,61,1171,84,2022-02-09
Bulgaria,23,Кърджали,455,33,283,1458,104,485,35,789,56,2022-02-23
Bulgaria,23,Кърджали,164,12,102,794,57,257,18,509,36,2022-03-09
Bulgaria,23,Кърджали,139,10,86,535,38,4,0,335,24,2022-03-23
Bulgaria,23,Кърджали,95,7,59,375,27,78,6,274,20,2022-04-06
Bulgaria,23,Кърджали,93,7,58,333,24,48,3,261,19,2022-04-20
Bulgaria,23,Кърджали,48,3,30,138,11,29,2,100,8,2022-05-04
Bulgaria,23,Кърджали,48,3,30,112,8,22,2,77,6,2022-05-18
Bulgaria,23,Кърджали,23,2,14,70,6,21,2,43,4,2022-06-01
Bulgaria,23,Кърджали,14,1,9,59,5,18,2,39,3,2022-06-15
Bulgaria,23,Кърджали,18,1,11,63,5,10,1,43,4,2022-06-29
Bulgaria,23,Кърджали,97,7,60,204,15,-47978,-3427,-13659,-976,2022-07-13
Bulgaria,23,Кърджали,305,22,190,337,24,184,13,0,0,2022-07-27
Bulgaria,24,Кюстендил,21,2,25,,,,,,,2020-06-17
Bulgaria,24,Кюстендил,140,10,120,,,,,,,2020-07-01
Bulgaria,24,Кюстендил,113,8,97,,,,,,,2020-07-15
Bulgaria,24,Кюстендил,103,7,88,,,,,,,2020-07-29
Bulgaria,24,Кюстендил,50,4,43,,,,,,,2020-08-12
Bulgaria,24,Кюстендил,27,2,23,,,,,,,2020-08-26
Bulgaria,24,Кюстендил,23,2,20,,,,,,,2020-09-09
Bulgaria,24,Кюстендил,17,1,15,,,,,,,2020-09-23
Bulgaria,24,Кюстендил,29,2,25,,,,,,,2020-10-07
Bulgaria,24,Кюстендил,69,5,59,,,,,,,2020-10-21
Bulgaria,24,Кюстендил,429,31,368,,,,,,,2020-11-04
Bulgaria,24,Кюстендил,1168,83,1002,,,,,,,2020-11-18
Bulgaria,24,Кюстендил,1210,86,1038,,,,,,,2020-12-02
Bulgaria,24,Кюстендил,701,50,601,,,,,,,2020-12-16
Bulgaria,24,Кюстендил,243,17,208,,,,,,,2020-12-30
Bulgaria,24,Кюстендил,222,16,190,,,,,,,2021-01-13
Bulgaria,24,Кюстендил,207,15,178,,,,,,,2021-01-27
Bulgaria,24,Кюстендил,444,32,381,60,12,,,,,2021-02-10
Bulgaria,24,Кюстендил,548,39,470,1447,111,125,13,,,2021-02-24
Bulgaria,24,Кюстендил,607,43,520,2573,184,185,14,,,2021-03-10
Bulgaria,24,Кюстендил,884,63,758,1461,104,561,40,,,2021-03-24
Bulgaria,24,Кюстендил,689,49,591,2339,167,412,29,,,2021-04-07
Bulgaria,24,Кюстендил,459,33,394,1920,137,515,37,,,2021-04-21
Bulgaria,24,Кюстендил,242,17,208,3602,300,1629,136,,,2021-05-05
Bulgaria,24,Кюстендил,155,11,133,5942,424,3584,256,,,2021-05-19
Bulgaria,24,Кюстендил,62,4,53,4831,372,3088,238,,,2021-06-02
Bulgaria,24,Кюстендил,38,3,33,3906,391,2987,299,,,2021-06-16
Bulgaria,24,Кюстендил,32,2,27,2592,236,1850,168,,,2021-06-30
Bulgaria,24,Кюстендил,5,0,4,2192,548,1337,334,,,2021-07-14
Bulgaria,24,Кюстендил,8,1,7,1988,398,1160,232,,,2021-07-28
Bulgaria,24,Кюстендил,42,3,36,2618,238,1501,136,,,2021-08-11
Bulgaria,24,Кюстендил,167,12,143,2654,190,1750,125,,,2021-08-25
Bulgaria,24,Кюстендил,278,20,238,2290,176,1572,121,,,2021-09-08
Bulgaria,24,Кюстендил,419,30,359,2127,152,1655,118,,,2021-09-22
Bulgaria,24,Кюстендил,512,37,439,1430,102,1014,72,,,2021-10-06
Bulgaria,24,Кюстендил,896,64,768,1394,107,807,62,27,7,2021-10-20
Bulgaria,24,Кюстендил,1234,88,1058,2271,206,1077,98,121,11,2021-11-03
Bulgaria,24,Кюстендил,1057,76,906,3277,234,1661,119,551,39,2021-11-17
Bulgaria,24,Кюстендил,555,40,476,3126,223,1622,116,790,56,2021-12-01
Bulgaria,24,Кюстендил,363,26,311,3109,222,1092,78,1653,118,2021-12-15
Bulgaria,24,Кюстендил,271,19,232,2398,171,733,52,1412,101,2021-12-29
Bulgaria,24,Кюстендил,941,67,807,5061,362,621,44,3957,283,2022-01-12
Bulgaria,24,Кюстендил,1851,132,1587,3679,263,458,33,2912,208,2022-01-26
Bulgaria,24,Кюстендил,1740,124,1492,1575,113,547,39,897,64,2022-02-09
Bulgaria,24,Кюстендил,711,51,610,895,64,279,20,570,41,2022-02-23
Bulgaria,24,Кюстендил,183,13,157,497,36,177,13,312,22,2022-03-09
Bulgaria,24,Кюстендил,154,11,132,300,21,-49,-4,209,15,2022-03-23
Bulgaria,24,Кюстендил,151,11,129,278,21,46,4,219,17,2022-04-06
Bulgaria,24,Кюстендил,122,9,105,285,20,39,3,226,16,2022-04-20
Bulgaria,24,Кюстендил,115,8,99,155,13,27,2,119,10,2022-05-04
Bulgaria,24,Кюстендил,105,8,90,105,8,21,2,76,6,2022-05-18
Bulgaria,24,Кюстендил,76,5,65,96,7,15,1,74,5,2022-06-01
Bulgaria,24,Кюстендил,46,3,39,71,6,19,2,49,4,2022-06-15
Bulgaria,24,Кюстендил,73,5,63,49,4,14,1,34,3,2022-06-29
Bulgaria,24,Кюстендил,100,7,86,286,24,-34996,-2916,-14458,-1205,2022-07-13
Bulgaria,24,Кюстендил,316,23,271,410,32,238,18,0,0,2022-07-27
Bulgaria,4,Ловеч,4,0,5,,,,,,,2020-06-17
Bulgaria,4,Ловеч,5,0,4,,,,,,,2020-07-01
Bulgaria,4,Ловеч,11,1,9,,,,,,,2020-07-15
Bulgaria,4,Ловеч,7,1,6,,,,,,,2020-07-29
Bulgaria,4,Ловеч,11,1,9,,,,,,,2020-08-12
Bulgaria,4,Ловеч,13,1,11,,,,,,,2020-08-26
Bulgaria,4,Ловеч,5,0,4,,,,,,,2020-09-09
Bulgaria,4,Ловеч,5,0,4,,,,,,,2020-09-23
Bulgaria,4,Ловеч,23,2,19,,,,,,,2020-10-07
Bulgaria,4,Ловеч,99,7,81,,,,,,,2020-10-21
Bulgaria,4,Ловеч,271,19,221,,,,,,,2020-11-04
Bulgaria,4,Ловеч,488,35,398,,,,,,,2020-11-18
Bulgaria,4,Ловеч,505,36,412,,,,,,,2020-12-02
Bulgaria,4,Ловеч,486,35,397,,,,,,,2020-12-16
Bulgaria,4,Ловеч,287,21,234,,,,,,,2020-12-30
Bulgaria,4,Ловеч,178,13,145,,,,,,,2021-01-13
Bulgaria,4,Ловеч,74,5,60,,,,,,,2021-01-27
Bulgaria,4,Ловеч,105,8,86,31,6,,,,,2021-02-10
Bulgaria,4,Ловеч,185,13,151,806,58,128,12,,,2021-02-24
Bulgaria,4,Ловеч,332,24,271,2575,184,408,31,,,2021-03-10
Bulgaria,4,Ловеч,649,46,530,1118,80,294,21,,,2021-03-24
Bulgaria,4,Ловеч,828,59,676,2346,168,418,30,,,2021-04-07
Bulgaria,4,Ловеч,560,40,457,1887,135,266,19,,,2021-04-21
Bulgaria,4,Ловеч,273,20,223,2627,188,2183,156,,,2021-05-05
Bulgaria,4,Ловеч,208,15,170,4590,353,2446,188,,,2021-05-19
Bulgaria,4,Ловеч,76,5,62,2899,242,1303,109,,,2021-06-02
Bulgaria,4,Ловеч,31,2,25,4038,367,2987,272,,,2021-06-16
Bulgaria,4,Ловеч,20,1,16,2224,278,1393,174,,,2021-06-30
Bulgaria,4,Ловеч,13,1,11,1653,236,957,137,,,2021-07-14
Bulgaria,4,Ловеч,18,1,15,2111,235,1049,117,,,2021-07-28
Bulgaria,4,Ловеч,91,7,74,2256,161,1162,83,,,2021-08-11
Bulgaria,4,Ловеч,168,12,137,2598,186,1483,106,,,2021-08-25
Bulgaria,4,Ловеч,300,21,245,2486,178,1488,106,,,2021-09-08
Bulgaria,4,Ловеч,354,25,289,2475,177,1819,130,,,2021-09-22
Bulgaria,4,Ловеч,373,27,305,1389,99,898,64,,,2021-10-06
Bulgaria,4,Ловеч,646,46,527,901,69,512,39,16,4,2021-10-20
Bulgaria,4,Ловеч,915,65,747,1828,166,874,79,90,8,2021-11-03
Bulgaria,4,Ловеч,831,59,678,3226,230,1559,111,380,27,2021-11-17
Bulgaria,4,Ловеч,574,41,469,3379,241,1802,129,838,60,2021-12-01
Bulgaria,4,Ловеч,453,32,370,2847,203,1153,82,1308,93,2021-12-15
Bulgaria,4,Ловеч,322,23,263,1981,142,736,53,954,68,2021-12-29
Bulgaria,4,Ловеч,703,50,574,3933,281,727,52,2837,203,2022-01-12
Bulgaria,4,Ловеч,1510,108,1233,4234,302,434,31,3394,242,2022-01-26
Bulgaria,4,Ловеч,1697,121,1385,1932,138,638,46,1164,83,2022-02-09
Bulgaria,4,Ловеч,949,68,775,1206,86,416,30,693,50,2022-02-23
Bulgaria,4,Ловеч,412,29,336,526,38,185,13,322,23,2022-03-09
Bulgaria,4,Ловеч,295,21,241,333,24,-95,-7,223,16,2022-03-23
Bulgaria,4,Ловеч,227,16,185,254,18,52,4,194,14,2022-04-06
Bulgaria,4,Ловеч,165,12,135,213,16,37,3,168,13,2022-04-20
Bulgaria,4,Ловеч,172,12,140,110,8,21,2,86,7,2022-05-04
Bulgaria,4,Ловеч,83,6,68,106,8,18,1,82,6,2022-05-18
Bulgaria,4,Ловеч,31,2,25,72,6,8,1,58,5,2022-06-01
Bulgaria,4,Ловеч,31,2,25,31,3,7,1,20,2,2022-06-15
Bulgaria,4,Ловеч,37,3,30,36,3,7,1,27,2,2022-06-29
Bulgaria,4,Ловеч,90,6,73,175,13,-30997,-2384,-12996,-1000,2022-07-13
Bulgaria,4,Ловеч,256,18,209,605,47,429,33,0,0,2022-07-27
Bulgaria,27,Монтана,0,0,0,,,,,,,2020-06-17
Bulgaria,27,Монтана,4,0,3,,,,,,,2020-07-01
Bulgaria,27,Монтана,8,1,6,,,,,,,2020-07-15
Bulgaria,27,Монтана,5,0,4,,,,,,,2020-07-29
Bulgaria,27,Монтана,14,1,11,,,,,,,2020-08-12
Bulgaria,27,Монтана,11,1,9,,,,,,,2020-08-26
Bulgaria,27,Монтана,34,2,27,,,,,,,2020-09-09
Bulgaria,27,Монтана,41,3,33,,,,,,,2020-09-23
Bulgaria,27,Монтана,69,5,55,,,,,,,2020-10-07
Bulgaria,27,Монтана,165,12,132,,,,,,,2020-10-21
Bulgaria,27,Монтана,515,37,411,,,,,,,2020-11-04
Bulgaria,27,Монтана,767,55,612,,,,,,,2020-11-18
Bulgaria,27,Монтана,697,50,556,,,,,,,2020-12-02
Bulgaria,27,Монтана,482,34,384,,,,,,,2020-12-16
Bulgaria,27,Монтана,161,12,128,,,,,,,2020-12-30
Bulgaria,27,Монтана,160,11,128,,,,,,,2021-01-13
Bulgaria,27,Монтана,56,4,45,,,,,,,2021-01-27
Bulgaria,27,Монтана,97,7,77,0,0,,,,,2021-02-10
Bulgaria,27,Монтана,101,7,81,1025,93,82,10,,,2021-02-24
Bulgaria,27,Монтана,341,24,272,2648,221,155,14,,,2021-03-10
Bulgaria,27,Монтана,711,51,567,842,60,288,21,,,2021-03-24
Bulgaria,27,Монтана,740,53,590,1658,118,379,27,,,2021-04-07
Bulgaria,27,Монтана,485,35,387,1908,136,471,34,,,2021-04-21
Bulgaria,27,Монтана,292,21,233,1767,136,1093,84,,,2021-05-05
Bulgaria,27,Монтана,304,22,242,4123,295,3329,238,,,2021-05-19
Bulgaria,27,Монтана,95,7,76,1680,153,1094,99,,,2021-06-02
Bulgaria,27,Монтана,39,3,31,1962,178,1312,119,,,2021-06-16
Bulgaria,27,Монтана,15,1,12,1341,192,947,135,,,2021-06-30
Bulgaria,27,Монтана,9,1,7,1116,140,675,84,,,2021-07-14
Bulgaria,27,Монтана,11,1,9,1412,235,874,146,,,2021-07-28
Bulgaria,27,Монтана,36,3,29,1403,128,816,74,,,2021-08-11
Bulgaria,27,Монтана,178,13,142,1467,105,988,71,,,2021-08-25
Bulgaria,27,Монтана,300,21,239,1444,103,1014,72,,,2021-09-08
Bulgaria,27,Монтана,493,35,393,1208,93,886,68,,,2021-09-22
Bulgaria,27,Монтана,613,44,489,909,65,632,45,,,2021-10-06
Bulgaria,27,Монтана,1142,82,911,712,55,401,31,14,4,2021-10-20
Bulgaria,27,Монтана,1731,124,1380,2042,186,1259,114,75,7,2021-11-03
Bulgaria,27,Монтана,1112,79,887,2803,200,1644,117,377,27,2021-11-17
Bulgaria,27,Монтана,734,52,585,2501,192,1335,103,601,46,2021-12-01
Bulgaria,27,Монтана,442,32,352,2366,169,1024,73,950,68,2021-12-15
Bulgaria,27,Монтана,232,17,185,1665,119,665,48,783,56,2021-12-29
Bulgaria,27,Монтана,651,47,519,3307,236,751,54,2177,156,2022-01-12
Bulgaria,27,Монтана,1611,115,1285,2318,166,424,30,1656,118,2022-01-26
Bulgaria,27,Монтана,1640,117,1308,1346,96,506,36,711,51,2022-02-09
Bulgaria,27,Монтана,1010,72,805,764,55,318,23,367,26,2022-02-23
Bulgaria,27,Монтана,426,30,340,448,32,169,12,269,19,2022-03-09
Bulgaria,27,Монтана,306,22,244,294,21,-27,-2,169,12,2022-03-23
Bulgaria,27,Монтана,182,13,145,192,14,49,4,131,9,2022-04-06
Bulgaria,27,Монтана,161,12,128,220,16,49,4,163,12,2022-04-20
Bulgaria,27,Монтана,121,9,96,110,9,14,1,83,7,2022-05-04
Bulgaria,27,Монтана,81,6,65,72,6,16,1,51,4,2022-05-18
Bulgaria,27,Монтана,45,3,36,91,8,16,1,69,6,2022-06-01
Bulgaria,27,Монтана,46,3,37,40,3,4,0,32,2,2022-06-15
Bulgaria,27,Монтана,75,5,60,57,6,14,1,37,4,2022-06-29
Bulgaria,27,Монтана,114,8,91,262,20,-24532,-1887,-8821,-679,2022-07-13
Bulgaria,27,Монтана,277,20,221,500,42,267,22,0,0,2022-07-27
Bulgaria,19,Пазарджик,47,5,26,,,,,,,2020-06-17
Bulgaria,19,Пазарджик,92,7,37,,,,,,,2020-07-01
Bulgaria,19,Пазарджик,71,5,28,,,,,,,2020-07-15
Bulgaria,19,Пазарджик,88,6,35,,,,,,,2020-07-29
Bulgaria,19,Пазарджик,90,6,36,,,,,,,2020-08-12
Bulgaria,19,Пазарджик,81,6,32,,,,,,,2020-08-26
Bulgaria,19,Пазарджик,95,7,38,,,,,,,2020-09-09
Bulgaria,19,Пазарджик,57,4,23,,,,,,,2020-09-23
Bulgaria,19,Пазарджик,105,8,42,,,,,,,2020-10-07
Bulgaria,19,Пазарджик,177,13,70,,,,,,,2020-10-21
Bulgaria,19,Пазарджик,491,35,195,,,,,,,2020-11-04
Bulgaria,19,Пазарджик,1057,76,421,,,,,,,2020-11-18
Bulgaria,19,Пазарджик,1088,78,433,,,,,,,2020-12-02
Bulgaria,19,Пазарджик,1047,75,417,,,,,,,2020-12-16
Bulgaria,19,Пазарджик,469,34,187,,,,,,,2020-12-30
Bulgaria,19,Пазарджик,285,20,113,,,,,,,2021-01-13
Bulgaria,19,Пазарджик,290,21,115,,,,,,,2021-01-27
Bulgaria,19,Пазарджик,448,32,178,42,8,,,,,2021-02-10
Bulgaria,19,Пазарджик,501,36,199,2719,194,253,23,,,2021-02-24
Bulgaria,19,Пазарджик,799,57,318,4402,314,521,40,,,2021-03-10
Bulgaria,19,Пазарджик,965,69,384,1995,143,430,31,,,2021-03-24
Bulgaria,19,Пазарджик,1154,82,459,3275,234,588,42,,,2021-04-07
Bulgaria,19,Пазарджик,859,61,342,3727,266,673,48,,,2021-04-21
Bulgaria,19,Пазарджик,410,29,163,4673,334,2431,174,,,2021-05-05
Bulgaria,19,Пазарджик,223,16,89,8628,616,6238,446,,,2021-05-19
Bulgaria,19,Пазарджик,88,6,35,5559,397,3457,247,,,2021-06-02
Bulgaria,19,Пазарджик,58,4,23,6068,506,4058,338,,,2021-06-16
Bulgaria,19,Пазарджик,36,3,14,3644,405,2575,286,,,2021-06-30
Bulgaria,19,Пазарджик,22,2,9,3427,428,2154,269,,,2021-07-14
Bulgaria,19,Пазарджик,50,4,20,3092,258,1674,140,,,2021-07-28
Bulgaria,19,Пазарджик,221,16,88,3385,242,2005,143,,,2021-08-11
Bulgaria,19,Пазарджик,623,45,248,3393,242,2062,147,,,2021-08-25
Bulgaria,19,Пазарджик,759,54,302,3484,249,2189,156,,,2021-09-08
Bulgaria,19,Пазарджик,620,44,247,3235,231,2264,162,,,2021-09-22
Bulgaria,19,Пазарджик,611,44,243,2192,157,1559,111,,,2021-10-06
Bulgaria,19,Пазарджик,784,56,312,1628,125,985,76,59,15,2021-10-20
Bulgaria,19,Пазарджик,1572,112,626,4674,425,2699,245,178,16,2021-11-03
Bulgaria,19,Пазарджик,1367,98,544,5597,400,3085,220,646,46,2021-11-17
Bulgaria,19,Пазарджик,859,61,342,6011,429,3316,237,1326,95,2021-12-01
Bulgaria,19,Пазарджик,598,43,238,5317,380,2011,144,2387,171,2021-12-15
Bulgaria,19,Пазарджик,468,33,186,3869,276,1398,100,1906,136,2021-12-29
Bulgaria,19,Пазарджик,1243,89,495,7496,535,1507,108,5181,370,2022-01-12
Bulgaria,19,Пазарджик,3085,220,1228,6246,446,819,59,4787,342,2022-01-26
Bulgaria,19,Пазарджик,3120,223,1242,2920,209,1013,72,1675,120,2022-02-09
Bulgaria,19,Пазарджик,1379,99,549,1918,137,625,45,1158,83,2022-02-23
Bulgaria,19,Пазарджик,386,28,154,862,62,274,20,542,39,2022-03-09
Bulgaria,19,Пазарджик,262,19,104,741,53,26,2,516,37,2022-03-23
Bulgaria,19,Пазарджик,218,16,87,477,34,68,5,388,28,2022-04-06
Bulgaria,19,Пазарджик,146,10,58,347,25,56,4,265,19,2022-04-20
Bulgaria,19,Пазарджик,204,15,81,246,18,33,2,206,15,2022-05-04
Bulgaria,19,Пазарджик,137,10,55,183,13,43,3,130,9,2022-05-18
Bulgaria,19,Пазарджик,64,5,25,190,15,38,3,147,11,2022-06-01
Bulgaria,19,Пазарджик,55,4,22,157,13,28,2,120,10,2022-06-15
Bulgaria,19,Пазарджик,65,5,26,144,12,17,1,122,10,2022-06-29
Bulgaria,19,Пазарджик,170,12,68,476,34,-55279,-3949,-22035,-1574,2022-07-13
Bulgaria,19,Пазарджик,483,35,192,1179,84,769,55,0,0,2022-07-27
Bulgaria,6,Перник,0,0,0,,,,,,,2020-06-17
Bulgaria,6,Перник,17,1,14,,,,,,,2020-07-01
Bulgaria,6,Перник,23,2,19,,,,,,,2020-07-15
Bulgaria,6,Перник,42,3,35,,,,,,,2020-07-29
Bulgaria,6,Перник,43,3,36,,,,,,,2020-08-12
Bulgaria,6,Перник,21,2,17,,,,,,,2020-08-26
Bulgaria,6,Перник,10,1,8,,,,,,,2020-09-09
Bulgaria,6,Перник,15,1,12,,,,,,,2020-09-23
Bulgaria,6,Перник,41,3,34,,,,,,,2020-10-07
Bulgaria,6,Перник,118,8,98,,,,,,,2020-10-21
Bulgaria,6,Перник,556,40,462,,,,,,,2020-11-04
Bulgaria,6,Перник,931,67,773,,,,,,,2020-11-18
Bulgaria,6,Перник,809,58,672,,,,,,,2020-12-02
Bulgaria,6,Перник,652,47,541,,,,,,,2020-12-16
Bulgaria,6,Перник,321,23,267,,,,,,,2020-12-30
Bulgaria,6,Перник,245,18,203,,,,,,,2021-01-13
Bulgaria,6,Перник,120,9,100,,,,,,,2021-01-27
Bulgaria,6,Перник,168,12,140,48,10,,,,,2021-02-10
Bulgaria,6,Перник,289,21,240,1486,106,53,5,,,2021-02-24
Bulgaria,6,Перник,514,37,427,2430,174,241,19,,,2021-03-10
Bulgaria,6,Перник,896,64,744,2310,165,1429,102,,,2021-03-24
Bulgaria,6,Перник,984,70,817,1786,128,346,25,,,2021-04-07
Bulgaria,6,Перник,590,42,490,3463,247,431,31,,,2021-04-21
Bulgaria,6,Перник,358,26,297,3291,235,1681,120,,,2021-05-05
Bulgaria,6,Перник,158,11,131,5391,385,4137,296,,,2021-05-19
Bulgaria,6,Перник,50,4,42,2972,229,1867,144,,,2021-06-02
Bulgaria,6,Перник,32,2,27,2579,234,1800,164,,,2021-06-16
Bulgaria,6,Перник,19,1,16,1942,194,1291,129,,,2021-06-30
Bulgaria,6,Перник,8,1,7,1331,222,771,129,,,2021-07-14
Bulgaria,6,Перник,19,1,16,1790,199,1088,121,,,2021-07-28
Bulgaria,6,Перник,85,6,71,2406,172,1347,96,,,2021-08-11
Bulgaria,6,Перник,240,17,199,1979,141,1270,91,,,2021-08-25
Bulgaria,6,Перник,254,18,211,1812,129,1283,92,,,2021-09-08
Bulgaria,6,Перник,351,25,291,1296,93,875,63,,,2021-09-22
Bulgaria,6,Перник,655,47,544,1031,74,687,49,,,2021-10-06
Bulgaria,6,Перник,1117,80,928,889,68,483,37,41,10,2021-10-20
Bulgaria,6,Перник,1505,108,1250,1934,176,947,86,113,10,2021-11-03
Bulgaria,6,Перник,1071,77,889,3044,217,1596,114,403,29,2021-11-17
Bulgaria,6,Перник,797,57,662,2752,197,1589,114,601,43,2021-12-01
Bulgaria,6,Перник,495,35,411,2365,169,1016,73,969,69,2021-12-15
Bulgaria,6,Перник,457,33,379,1873,134,569,41,1086,78,2021-12-29
Bulgaria,6,Перник,1268,91,1053,3728,266,566,40,2796,200,2022-01-12
Bulgaria,6,Перник,2342,167,1945,2875,205,280,20,2263,162,2022-01-26
Bulgaria,6,Перник,1815,130,1507,1481,106,482,34,875,63,2022-02-09
Bulgaria,6,Перник,972,69,807,940,67,293,21,558,40,2022-02-23
Bulgaria,6,Перник,422,30,350,469,34,126,9,300,21,2022-03-09
Bulgaria,6,Перник,308,22,256,380,27,12,1,288,21,2022-03-23
Bulgaria,6,Перник,242,17,201,249,18,45,3,180,13,2022-04-06
Bulgaria,6,Перник,164,12,136,206,16,31,2,166,13,2022-04-20
Bulgaria,6,Перник,165,12,137,112,8,21,2,83,6,2022-05-04
Bulgaria,6,Перник,98,7,81,108,8,20,1,86,6,2022-05-18
Bulgaria,6,Перник,69,5,57,81,6,11,1,61,5,2022-06-01
Bulgaria,6,Перник,41,3,34,55,4,15,1,34,2,2022-06-15
Bulgaria,6,Перник,60,4,50,68,5,7,1,57,4,2022-06-29
Bulgaria,6,Перник,157,11,130,302,25,-29441,-2453,-11144,-929,2022-07-13
Bulgaria,6,Перник,381,27,316,531,38,309,22,0,0,2022-07-27
Bulgaria,7,Плевен,39,4,23,,,,,,,2020-06-17
Bulgaria,7,Плевен,27,2,12,,,,,,,2020-07-01
Bulgaria,7,Плевен,63,5,27,,,,,,,2020-07-15
Bulgaria,7,Плевен,28,2,12,,,,,,,2020-07-29
Bulgaria,7,Плевен,52,4,22,,,,,,,2020-08-12
Bulgaria,7,Плевен,31,2,13,,,,,,,2020-08-26
Bulgaria,7,Плевен,7,1,3,,,,,,,2020-09-09
Bulgaria,7,Плевен,23,2,10,,,,,,,2020-09-23
Bulgaria,7,Плевен,29,2,12,,,,,,,2020-10-07
Bulgaria,7,Плевен,168,12,72,,,,,,,2020-10-21
Bulgaria,7,Плевен,530,38,227,,,,,,,2020-11-04
Bulgaria,7,Плевен,1196,85,512,,,,,,,2020-11-18
Bulgaria,7,Плевен,1283,92,550,,,,,,,2020-12-02
Bulgaria,7,Плевен,1113,80,477,,,,,,,2020-12-16
Bulgaria,7,Плевен,579,41,248,,,,,,,2020-12-30
Bulgaria,7,Плевен,454,32,194,,,,,,,2021-01-13
Bulgaria,7,Плевен,305,22,131,,,,,,,2021-01-27
Bulgaria,7,Плевен,459,33,197,216,43,,,,,2021-02-10
Bulgaria,7,Плевен,740,53,317,2698,193,376,34,,,2021-02-24
Bulgaria,7,Плевен,1386,99,594,5857,418,670,52,,,2021-03-10
Bulgaria,7,Плевен,1826,130,782,3661,262,1332,95,,,2021-03-24
Bulgaria,7,Плевен,1382,99,592,6079,434,814,58,,,2021-04-07
Bulgaria,7,Плевен,662,47,284,4818,344,1059,76,,,2021-04-21
Bulgaria,7,Плевен,302,22,129,7937,567,5212,372,,,2021-05-05
Bulgaria,7,Плевен,185,13,79,10824,773,7735,553,,,2021-05-19
Bulgaria,7,Плевен,53,4,23,6510,543,3697,308,,,2021-06-02
Bulgaria,7,Плевен,28,2,12,6323,575,4485,408,,,2021-06-16
Bulgaria,7,Плевен,30,2,13,4750,365,3189,245,,,2021-06-30
Bulgaria,7,Плевен,16,1,7,3553,444,2063,258,,,2021-07-14
Bulgaria,7,Плевен,34,2,15,3310,368,1909,212,,,2021-07-28
Bulgaria,7,Плевен,138,10,59,3991,285,2370,169,,,2021-08-11
Bulgaria,7,Плевен,355,25,152,3786,270,2134,152,,,2021-08-25
Bulgaria,7,Плевен,561,40,240,3631,259,2271,162,,,2021-09-08
Bulgaria,7,Плевен,504,36,216,3529,252,2430,174,,,2021-09-22
Bulgaria,7,Плевен,427,31,183,2310,165,1637,117,,,2021-10-06
Bulgaria,7,Плевен,692,49,296,1837,141,1170,90,37,9,2021-10-20
Bulgaria,7,Плевен,1513,108,648,5259,478,2991,272,277,25,2021-11-03
Bulgaria,7,Плевен,1368,98,586,6600,471,3574,255,902,64,2021-11-17
Bulgaria,7,Плевен,1054,75,452,7037,503,3768,269,1787,128,2021-12-01
Bulgaria,7,Плевен,880,63,377,6467,462,2461,176,3086,220,2021-12-15
Bulgaria,7,Плевен,687,49,294,4490,321,1549,111,2294,164,2021-12-29
Bulgaria,7,Плевен,1291,92,553,8559,611,1838,131,5858,418,2022-01-12
Bulgaria,7,Плевен,2572,184,1102,8340,596,1069,76,6452,461,2022-01-26
Bulgaria,7,Плевен,3450,246,1478,4075,291,1431,102,2368,169,2022-02-09
Bulgaria,7,Плевен,2196,157,941,2169,155,819,59,1229,88,2022-02-23
Bulgaria,7,Плевен,870,62,373,1043,75,360,26,642,46,2022-03-09
Bulgaria,7,Плевен,629,45,269,687,49,-305,-22,459,33,2022-03-23
Bulgaria,7,Плевен,367,26,157,443,32,84,6,339,24,2022-04-06
Bulgaria,7,Плевен,203,15,87,410,29,78,6,314,22,2022-04-20
Bulgaria,7,Плевен,135,10,58,258,18,43,3,202,14,2022-05-04
Bulgaria,7,Плевен,67,5,29,247,19,48,4,185,14,2022-05-18
Bulgaria,7,Плевен,32,2,14,191,16,21,2,159,13,2022-06-01
Bulgaria,7,Плевен,40,3,17,106,8,28,2,68,5,2022-06-15
Bulgaria,7,Плевен,75,5,32,94,7,15,1,76,5,2022-06-29
Bulgaria,7,Плевен,157,11,67,596,43,-67162,-4797,-27047,-1932,2022-07-13
Bulgaria,7,Плевен,337,24,144,1403,100,962,69,0,0,2022-07-27
Bulgaria,13,Пловдив,11,1,2,,,,,,,2020-06-17
Bulgaria,13,Пловдив,90,6,14,,,,,,,2020-07-01
Bulgaria,13,Пловдив,297,21,45,,,,,,,2020-07-15
Bulgaria,13,Пловдив,342,24,51,,,,,,,2020-07-29
Bulgaria,13,Пловдив,304,22,46,,,,,,,2020-08-12
Bulgaria,13,Пловдив,184,13,28,,,,,,,2020-08-26
Bulgaria,13,Пловдив,149,11,22,,,,,,,2020-09-09
Bulgaria,13,Пловдив,134,10,20,,,,,,,2020-09-23
Bulgaria,13,Пловдив,274,20,41,,,,,,,2020-10-07
Bulgaria,13,Пловдив,961,69,144,,,,,,,2020-10-21
Bulgaria,13,Пловдив,2437,174,366,,,,,,,2020-11-04
Bulgaria,13,Пловдив,4333,310,650,,,,,,,2020-11-18
Bulgaria,13,Пловдив,4167,298,625,,,,,,,2020-12-02
Bulgaria,13,Пловдив,3537,253,531,,,,,,,2020-12-16
Bulgaria,13,Пловдив,1332,95,200,,,,,,,2020-12-30
Bulgaria,13,Пловдив,837,60,126,,,,,,,2021-01-13
Bulgaria,13,Пловдив,577,41,87,,,,,,,2021-01-27
Bulgaria,13,Пловдив,751,54,113,359,72,,,,,2021-02-10
Bulgaria,13,Пловдив,1158,83,174,6988,499,736,67,,,2021-02-24
Bulgaria,13,Пловдив,1950,139,293,11543,825,2028,156,,,2021-03-10
Bulgaria,13,Пловдив,3289,235,494,6596,471,1392,99,,,2021-03-24
Bulgaria,13,Пловдив,3902,279,586,8939,639,1384,99,,,2021-04-07
Bulgaria,13,Пловдив,2816,201,423,10726,766,1176,84,,,2021-04-21
Bulgaria,13,Пловдив,1403,100,211,16932,1209,6846,489,,,2021-05-05
Bulgaria,13,Пловдив,864,62,130,30156,2154,18625,1330,,,2021-05-19
Bulgaria,13,Пловдив,347,25,52,25082,1792,14792,1057,,,2021-06-02
Bulgaria,13,Пловдив,175,13,26,24189,1728,17064,1219,,,2021-06-16
Bulgaria,13,Пловдив,83,6,12,16592,1383,11565,964,,,2021-06-30
Bulgaria,13,Пловдив,53,4,8,10629,966,6360,578,,,2021-07-14
Bulgaria,13,Пловдив,134,10,20,12422,887,7264,519,,,2021-07-28
Bulgaria,13,Пловдив,645,46,97,13085,935,7746,553,,,2021-08-11
Bulgaria,13,Пловдив,1800,129,270,12995,928,8176,584,,,2021-08-25
Bulgaria,13,Пловдив,2045,146,307,12810,915,8079,577,,,2021-09-08
Bulgaria,13,Пловдив,1966,140,295,12068,862,8462,604,,,2021-09-22
Bulgaria,13,Пловдив,2200,157,330,8636,617,5832,417,,,2021-10-06
Bulgaria,13,Пловдив,3369,241,506,6483,499,3677,283,103,26,2021-10-20
Bulgaria,13,Пловдив,5663,405,850,17034,1549,8717,792,735,67,2021-11-03
Bulgaria,13,Пловдив,4542,324,682,20420,1459,11168,798,2008,143,2021-11-17
Bulgaria,13,Пловдив,2830,202,425,21709,1551,12606,900,4434,317,2021-12-01
Bulgaria,13,Пловдив,2086,149,313,18012,1287,7271,519,8010,572,2021-12-15
Bulgaria,13,Пловдив,1638,117,246,14133,1010,4792,342,7502,536,2021-12-29
Bulgaria,13,Пловдив,4546,325,682,25233,1802,4612,329,18046,1289,2022-01-12
Bulgaria,13,Пловдив,10445,746,1567,20688,1478,2741,196,15786,1128,2022-01-26
Bulgaria,13,Пловдив,10982,784,1648,9969,712,3532,252,5768,412,2022-02-09
Bulgaria,13,Пловдив,5888,421,884,5824,416,2063,147,3431,245,2022-02-23
Bulgaria,13,Пловдив,2268,162,340,2906,208,844,60,1948,139,2022-03-09
Bulgaria,13,Пловдив,1688,121,253,2522,180,-140,-10,1785,128,2022-03-23
Bulgaria,13,Пловдив,1052,75,158,1666,119,246,18,1333,95,2022-04-06
Bulgaria,13,Пловдив,550,39,83,1420,101,208,15,1126,80,2022-04-20
Bulgaria,13,Пловдив,474,34,71,812,58,130,9,638,46,2022-05-04
Bulgaria,13,Пловдив,366,26,55,719,51,115,8,564,40,2022-05-18
Bulgaria,13,Пловдив,231,17,35,427,31,84,6,318,23,2022-06-01
Bulgaria,13,Пловдив,174,12,26,274,20,58,4,195,14,2022-06-15
Bulgaria,13,Пловдив,295,21,44,355,25,54,4,276,20,2022-06-29
Bulgaria,13,Пловдив,738,53,111,1824,130,-197710,-14122,-75185,-5370,2022-07-13
Bulgaria,13,Пловдив,1683,120,253,3170,226,2032,145,0,0,2022-07-27
Bulgaria,31,Разград,12,1,15,,,,,,,2020-06-17
Bulgaria,31,Разград,27,2,25,,,,,,,2020-07-01
Bulgaria,31,Разград,26,2,24,,,,,,,2020-07-15
Bulgaria,31,Разград,15,1,14,,,,,,,2020-07-29
Bulgaria,31,Разград,29,2,26,,,,,,,2020-08-12
Bulgaria,31,Разград,10,1,9,,,,,,,2020-08-26
Bulgaria,31,Разград,17,1,15,,,,,,,2020-09-09
Bulgaria,31,Разград,7,1,6,,,,,,,2020-09-23
Bulgaria,31,Разград,28,2,25,,,,,,,2020-10-07
Bulgaria,31,Разград,153,11,139,,,,,,,2020-10-21
Bulgaria,31,Разград,405,29,369,,,,,,,2020-11-04
Bulgaria,31,Разград,490,35,446,,,,,,,2020-11-18
Bulgaria,31,Разград,377,27,343,,,,,,,2020-12-02
Bulgaria,31,Разград,342,24,311,,,,,,,2020-12-16
Bulgaria,31,Разград,150,11,137,,,,,,,2020-12-30
Bulgaria,31,Разград,73,5,66,,,,,,,2021-01-13
Bulgaria,31,Разград,60,4,55,,,,,,,2021-01-27
Bulgaria,31,Разград,59,4,54,50,10,,,,,2021-02-10
Bulgaria,31,Разград,69,5,63,1236,88,82,7,,,2021-02-24
Bulgaria,31,Разград,130,9,118,2294,164,234,18,,,2021-03-10
Bulgaria,31,Разград,303,22,276,1197,86,667,48,,,2021-03-24
Bulgaria,31,Разград,395,28,360,1458,104,310,22,,,2021-04-07
Bulgaria,31,Разград,288,21,262,2179,156,491,35,,,2021-04-21
Bulgaria,31,Разград,167,12,152,2088,149,1120,80,,,2021-05-05
Bulgaria,31,Разград,68,5,62,3259,272,2255,188,,,2021-05-19
Bulgaria,31,Разград,45,3,41,3792,316,2387,199,,,2021-06-02
Bulgaria,31,Разград,17,1,15,2700,300,1603,178,,,2021-06-16
Bulgaria,31,Разград,4,0,4,2260,1130,1329,665,,,2021-06-30
Bulgaria,31,Разград,12,1,11,2243,374,1312,219,,,2021-07-14
Bulgaria,31,Разград,13,1,12,1723,191,1030,114,,,2021-07-28
Bulgaria,31,Разград,52,4,47,2119,193,1195,109,,,2021-08-11
Bulgaria,31,Разград,156,11,142,2226,159,1152,82,,,2021-08-25
Bulgaria,31,Разград,285,20,260,2166,155,1156,83,,,2021-09-08
Bulgaria,31,Разград,430,31,392,2181,156,1404,100,,,2021-09-22
Bulgaria,31,Разград,272,19,248,1317,94,933,67,,,2021-10-06
Bulgaria,31,Разград,420,30,382,926,71,536,41,13,3,2021-10-20
Bulgaria,31,Разград,767,55,698,1950,177,795,72,82,7,2021-11-03
Bulgaria,31,Разград,593,42,540,2763,197,1388,99,273,20,2021-11-17
Bulgaria,31,Разград,390,28,355,3124,223,1717,123,603,43,2021-12-01
Bulgaria,31,Разград,293,21,267,3035,217,1245,89,1004,72,2021-12-15
Bulgaria,31,Разград,216,15,197,2191,157,872,62,856,61,2021-12-29
Bulgaria,31,Разград,387,28,352,3554,254,1034,74,1992,142,2022-01-12
Bulgaria,31,Разград,577,41,525,3666,262,500,36,2643,189,2022-01-26
Bulgaria,31,Разград,756,54,688,1999,143,713,51,1084,77,2022-02-09
Bulgaria,31,Разград,716,51,652,1101,79,401,29,584,42,2022-02-23
Bulgaria,31,Разград,339,24,309,527,38,185,13,283,20,2022-03-09
Bulgaria,31,Разград,227,16,207,313,22,46,3,192,14,2022-03-23
Bulgaria,31,Разград,186,13,169,201,14,27,2,154,11,2022-04-06
Bulgaria,31,Разград,88,6,80,163,13,26,2,126,10,2022-04-20
Bulgaria,31,Разград,40,3,36,65,5,15,1,48,4,2022-05-04
Bulgaria,31,Разград,44,3,40,78,6,13,1,53,4,2022-05-18
Bulgaria,31,Разград,20,1,18,18,2,4,0,13,1,2022-06-01
Bulgaria,31,Разград,16,1,15,41,4,10,1,26,3,2022-06-15
Bulgaria,31,Разград,27,2,25,19,1,2,0,16,1,2022-06-29
Bulgaria,31,Разград,118,8,107,138,10,-29237,-2088,-10227,-731,2022-07-13
Bulgaria,31,Разград,226,16,206,342,24,226,16,0,0,2022-07-27
Bulgaria,26,Русе,0,0,0,,,,,,,2020-06-17
Bulgaria,26,Русе,12,1,6,,,,,,,2020-07-01
Bulgaria,26,Русе,42,3,20,,,,,,,2020-07-15
Bulgaria,26,Русе,83,6,39,,,,,,,2020-07-29
Bulgaria,26,Русе,102,7,48,,,,,,,2020-08-12
Bulgaria,26,Русе,42,3,20,,,,,,,2020-08-26
Bulgaria,26,Русе,57,4,27,,,,,,,2020-09-09
Bulgaria,26,Русе,31,2,15,,,,,,,2020-09-23
Bulgaria,26,Русе,52,4,24,,,,,,,2020-10-07
Bulgaria,26,Русе,204,15,96,,,,,,,2020-10-21
Bulgaria,26,Русе,1090,78,512,,,,,,,2020-11-04
Bulgaria,26,Русе,1694,121,796,,,,,,,2020-11-18
Bulgaria,26,Русе,1644,117,773,,,,,,,2020-12-02
Bulgaria,26,Русе,1420,101,668,,,,,,,2020-12-16
Bulgaria,26,Русе,729,52,343,,,,,,,2020-12-30
Bulgaria,26,Русе,351,25,165,,,,,,,2021-01-13
Bulgaria,26,Русе,179,13,84,,,,,,,2021-01-27
Bulgaria,26,Русе,239,17,112,144,29,,,,,2021-02-10
Bulgaria,26,Русе,215,15,101,2087,161,196,20,,,2021-02-24
Bulgaria,26,Русе,508,36,239,3969,284,705,54,,,2021-03-10
Bulgaria,26,Русе,1330,95,625,2090,149,325,23,,,2021-03-24
Bulgaria,26,Русе,1728,123,812,2964,212,473,34,,,2021-04-07
Bulgaria,26,Русе,1226,88,576,3794,271,947,68,,,2021-04-21
Bulgaria,26,Русе,608,43,286,4337,310,1697,121,,,2021-05-05
Bulgaria,26,Русе,424,30,199,8469,605,5969,426,,,2021-05-19
Bulgaria,26,Русе,132,9,62,5726,409,3328,238,,,2021-06-02
Bulgaria,26,Русе,67,5,31,6192,516,4228,352,,,2021-06-16
Bulgaria,26,Русе,26,2,12,4309,392,2644,240,,,2021-06-30
Bulgaria,26,Русе,9,1,4,3824,637,2230,372,,,2021-07-14
Bulgaria,26,Русе,35,3,16,3805,381,1965,197,,,2021-07-28
Bulgaria,26,Русе,161,12,76,4097,293,2070,148,,,2021-08-11
Bulgaria,26,Русе,613,44,288,4373,312,2555,183,,,2021-08-25
Bulgaria,26,Русе,714,51,336,4240,303,2661,190,,,2021-09-08
Bulgaria,26,Русе,614,44,289,4049,289,2656,190,,,2021-09-22
Bulgaria,26,Русе,705,50,331,2513,180,1692,121,,,2021-10-06
Bulgaria,26,Русе,976,70,459,2149,165,1274,98,38,10,2021-10-20
Bulgaria,26,Русе,1636,117,769,4463,406,2200,200,157,14,2021-11-03
Bulgaria,26,Русе,1303,93,613,6626,473,3502,250,726,52,2021-11-17
Bulgaria,26,Русе,1123,80,528,6407,458,3642,260,1326,95,2021-12-01
Bulgaria,26,Русе,1037,74,487,5802,414,2331,167,2515,180,2021-12-15
Bulgaria,26,Русе,759,54,357,4145,296,1537,110,1919,137,2021-12-29
Bulgaria,26,Русе,1691,121,795,7468,533,1544,110,4998,357,2022-01-12
Bulgaria,26,Русе,2435,174,1145,6774,484,931,67,4947,353,2022-01-26
Bulgaria,26,Русе,2377,170,1117,3673,262,1301,93,2027,145,2022-02-09
Bulgaria,26,Русе,1731,124,814,2119,151,760,54,1166,83,2022-02-23
Bulgaria,26,Русе,681,49,320,973,70,350,25,560,40,2022-03-09
Bulgaria,26,Русе,592,42,278,656,47,47,3,382,27,2022-03-23
Bulgaria,26,Русе,397,28,187,414,30,81,6,290,21,2022-04-06
Bulgaria,26,Русе,212,15,100,447,32,85,6,305,22,2022-04-20
Bulgaria,26,Русе,152,11,71,303,22,75,5,197,14,2022-05-04
Bulgaria,26,Русе,103,7,48,344,25,78,6,233,17,2022-05-18
Bulgaria,26,Русе,46,3,22,163,14,37,3,106,9,2022-06-01
Bulgaria,26,Русе,27,2,13,152,12,51,4,81,6,2022-06-15
Bulgaria,26,Русе,52,4,24,183,14,36,3,128,10,2022-06-29
Bulgaria,26,Русе,166,12,78,781,56,-57973,-4141,-22375,-1598,2022-07-13
Bulgaria,26,Русе,366,26,172,1191,85,730,52,0,0,2022-07-27
Bulgaria,25,Силистра,0,0,0,,,,,,,2020-06-17
Bulgaria,25,Силистра,0,0,0,,,,,,,2020-07-01
Bulgaria,25,Силистра,5,0,5,,,,,,,2020-07-15
Bulgaria,25,Силистра,22,2,21,,,,,,,2020-07-29
Bulgaria,25,Силистра,31,2,29,,,,,,,2020-08-12
Bulgaria,25,Силистра,55,4,51,,,,,,,2020-08-26
Bulgaria,25,Силистра,40,3,37,,,,,,,2020-09-09
Bulgaria,25,Силистра,19,1,18,,,,,,,2020-09-23
Bulgaria,25,Силистра,36,3,34,,,,,,,2020-10-07
Bulgaria,25,Силистра,54,4,51,,,,,,,2020-10-21
Bulgaria,25,Силистра,182,13,170,,,,,,,2020-11-04
Bulgaria,25,Силистра,573,41,536,,,,,,,2020-11-18
Bulgaria,25,Силистра,637,46,596,,,,,,,2020-12-02
Bulgaria,25,Силистра,509,36,476,,,,,,,2020-12-16
Bulgaria,25,Силистра,203,15,190,,,,,,,2020-12-30
Bulgaria,25,Силистра,161,12,151,,,,,,,2021-01-13
Bulgaria,25,Силистра,119,9,111,,,,,,,2021-01-27
Bulgaria,25,Силистра,117,8,109,54,11,,,,,2021-02-10
Bulgaria,25,Силистра,165,12,154,1259,105,93,10,,,2021-02-24
Bulgaria,25,Силистра,413,30,387,2112,151,326,25,,,2021-03-10
Bulgaria,25,Силистра,1008,72,943,864,62,369,26,,,2021-03-24
Bulgaria,25,Силистра,852,61,797,1078,77,284,20,,,2021-04-07
Bulgaria,25,Силистра,374,27,350,1323,95,172,12,,,2021-04-21
Bulgaria,25,Силистра,195,14,182,1515,108,782,56,,,2021-05-05
Bulgaria,25,Силистра,113,8,106,3384,260,2681,206,,,2021-05-19
Bulgaria,25,Силистра,49,4,46,2055,158,1157,89,,,2021-06-02
Bulgaria,25,Силистра,16,1,15,1870,267,1191,170,,,2021-06-16
Bulgaria,25,Силистра,4,0,4,1675,838,1005,503,,,2021-06-30
Bulgaria,25,Силистра,6,0,6,1556,311,860,172,,,2021-07-14
Bulgaria,25,Силистра,21,2,20,1537,154,880,88,,,2021-07-28
Bulgaria,25,Силистра,91,7,85,1815,140,968,74,,,2021-08-11
Bulgaria,25,Силистра,230,16,215,2104,162,1246,96,,,2021-08-25
Bulgaria,25,Силистра,301,22,282,1865,133,1069,76,,,2021-09-08
Bulgaria,25,Силистра,336,24,314,1972,141,1364,97,,,2021-09-22
Bulgaria,25,Силистра,337,24,315,1250,89,816,58,,,2021-10-06
Bulgaria,25,Силистра,441,32,413,851,65,497,38,18,5,2021-10-20
Bulgaria,25,Силистра,675,48,632,2316,211,1258,114,131,12,2021-11-03
Bulgaria,25,Силистра,510,36,477,2836,203,1394,100,367,26,2021-11-17
Bulgaria,25,Силистра,291,21,272,2881,206,1530,109,724,52,2021-12-01
Bulgaria,25,Силистра,260,19,243,2531,181,1038,74,1096,78,2021-12-15
Bulgaria,25,Силистра,262,19,245,1739,124,697,50,686,49,2021-12-29
Bulgaria,25,Силистра,605,43,566,2976,213,671,48,1903,136,2022-01-12
Bulgaria,25,Силистра,840,60,786,3210,229,455,33,2298,164,2022-01-26
Bulgaria,25,Силистра,1213,87,1135,1668,119,653,47,823,59,2022-02-09
Bulgaria,25,Силистра,1153,82,1079,922,66,389,28,456,33,2022-02-23
Bulgaria,25,Силистра,588,42,550,397,28,194,14,193,14,2022-03-09
Bulgaria,25,Силистра,541,39,506,189,14,-104,-7,107,8,2022-03-23
Bulgaria,25,Силистра,434,31,406,149,11,35,3,102,7,2022-04-06
Bulgaria,25,Силистра,180,13,168,146,10,30,2,106,8,2022-04-20
Bulgaria,25,Силистра,108,8,101,107,8,16,1,76,5,2022-05-04
Bulgaria,25,Силистра,74,5,69,80,6,18,1,56,4,2022-05-18
Bulgaria,25,Силистра,32,2,30,71,5,20,1,44,3,2022-06-01
Bulgaria,25,Силистра,42,3,39,46,4,17,1,25,2,2022-06-15
Bulgaria,25,Силистра,41,3,38,48,4,4,0,41,3,2022-06-29
Bulgaria,25,Силистра,87,6,81,287,24,-24772,-2064,-9384,-782,2022-07-13
Bulgaria,25,Силистра,367,26,343,559,40,325,23,0,0,2022-07-27
Bulgaria,21,Сливен,67,7,51,,,,,,,2020-06-17
Bulgaria,21,Сливен,76,5,42,,,,,,,2020-07-01
Bulgaria,21,Сливен,71,5,39,,,,,,,2020-07-15
Bulgaria,21,Сливен,47,3,26,,,,,,,2020-07-29
Bulgaria,21,Сливен,38,3,21,,,,,,,2020-08-12
Bulgaria,21,Сливен,15,1,8,,,,,,,2020-08-26
Bulgaria,21,Сливен,23,2,13,,,,,,,2020-09-09
Bulgaria,21,Сливен,36,3,20,,,,,,,2020-09-23
Bulgaria,21,Сливен,65,5,36,,,,,,,2020-10-07
Bulgaria,21,Сливен,388,28,213,,,,,,,2020-10-21
Bulgaria,21,Сливен,454,32,249,,,,,,,2020-11-04
Bulgaria,21,Сливен,759,54,416,,,,,,,2020-11-18
Bulgaria,21,Сливен,1086,78,595,,,,,,,2020-12-02
Bulgaria,21,Сливен,1313,94,719,,,,,,,2020-12-16
Bulgaria,21,Сливен,481,34,263,,,,,,,2020-12-30
Bulgaria,21,Сливен,312,22,171,,,,,,,2021-01-13
Bulgaria,21,Сливен,259,19,142,,,,,,,2021-01-27
Bulgaria,21,Сливен,381,27,209,0,0,,,,,2021-02-10
Bulgaria,21,Сливен,416,30,228,1270,98,95,10,,,2021-02-24
Bulgaria,21,Сливен,703,50,385,3878,277,281,22,,,2021-03-10
Bulgaria,21,Сливен,1047,75,574,1611,115,565,40,,,2021-03-24
Bulgaria,21,Сливен,1022,73,560,2274,162,233,17,,,2021-04-07
Bulgaria,21,Сливен,584,42,320,1901,136,518,37,,,2021-04-21
Bulgaria,21,Сливен,336,24,184,3685,263,1588,113,,,2021-05-05
Bulgaria,21,Сливен,203,15,111,6632,474,5020,359,,,2021-05-19
Bulgaria,21,Сливен,68,5,37,3943,303,2407,185,,,2021-06-02
Bulgaria,21,Сливен,46,3,25,4031,336,2587,216,,,2021-06-16
Bulgaria,21,Сливен,21,2,12,2824,257,1826,166,,,2021-06-30
Bulgaria,21,Сливен,17,1,9,2466,224,1489,135,,,2021-07-14
Bulgaria,21,Сливен,21,2,12,2154,269,1245,156,,,2021-07-28
Bulgaria,21,Сливен,108,8,59,2745,211,1577,121,,,2021-08-11
Bulgaria,21,Сливен,275,20,151,2986,213,1661,119,,,2021-08-25
Bulgaria,21,Сливен,552,39,302,3002,214,2060,147,,,2021-09-08
Bulgaria,21,Сливен,713,51,391,2743,196,1942,139,,,2021-09-22
Bulgaria,21,Сливен,893,64,489,1864,133,1288,92,,,2021-10-06
Bulgaria,21,Сливен,1059,76,580,1606,124,965,74,23,6,2021-10-20
Bulgaria,21,Сливен,1308,93,717,3948,359,2311,210,114,10,2021-11-03
Bulgaria,21,Сливен,841,60,461,5113,365,3078,220,560,40,2021-11-17
Bulgaria,21,Сливен,504,36,276,5133,367,3183,227,1059,76,2021-12-01
Bulgaria,21,Сливен,347,25,190,4052,289,1882,134,1675,120,2021-12-15
Bulgaria,21,Сливен,251,18,137,2999,214,1314,94,1347,96,2021-12-29
Bulgaria,21,Сливен,963,69,528,5512,394,1218,87,3765,269,2022-01-12
Bulgaria,21,Сливен,2700,193,1479,4743,339,813,58,3495,250,2022-01-26
Bulgaria,21,Сливен,2851,204,1562,2251,161,892,64,1237,88,2022-02-09
Bulgaria,21,Сливен,1446,103,792,1536,110,589,42,845,60,2022-02-23
Bulgaria,21,Сливен,488,35,267,764,55,258,18,494,35,2022-03-09
Bulgaria,21,Сливен,430,31,236,451,32,-119,-9,289,21,2022-03-23
Bulgaria,21,Сливен,300,21,164,436,31,85,6,329,24,2022-04-06
Bulgaria,21,Сливен,202,14,111,295,21,55,4,210,15,2022-04-20
Bulgaria,21,Сливен,170,12,93,191,14,50,4,131,9,2022-05-04
Bulgaria,21,Сливен,99,7,54,177,13,52,4,115,8,2022-05-18
Bulgaria,21,Сливен,45,3,25,130,9,37,3,84,6,2022-06-01
Bulgaria,21,Сливен,44,3,24,119,9,34,3,72,6,2022-06-15
Bulgaria,21,Сливен,81,6,44,110,8,30,2,70,5,2022-06-29
Bulgaria,21,Сливен,160,11,88,303,23,-44506,-3424,-16135,-1241,2022-07-13
Bulgaria,21,Сливен,506,36,277,745,53,426,30,0,0,2022-07-27
Bulgaria,9,Смолян,57,6,78,,,,,,,2020-06-17
Bulgaria,9,Смолян,162,12,159,,,,,,,2020-07-01
Bulgaria,9,Смолян,77,6,76,,,,,,,2020-07-15
Bulgaria,9,Смолян,56,4,55,,,,,,,2020-07-29
Bulgaria,9,Смолян,69,5,68,,,,,,,2020-08-12
Bulgaria,9,Смолян,70,5,69,,,,,,,2020-08-26
Bulgaria,9,Смолян,60,4,59,,,,,,,2020-09-09
Bulgaria,9,Смолян,36,3,35,,,,,,,2020-09-23
Bulgaria,9,Смолян,51,4,50,,,,,,,2020-10-07
Bulgaria,9,Смолян,116,8,114,,,,,,,2020-10-21
Bulgaria,9,Смолян,212,15,208,,,,,,,2020-11-04
Bulgaria,9,Смолян,273,20,268,,,,,,,2020-11-18
Bulgaria,9,Смолян,278,20,273,,,,,,,2020-12-02
Bulgaria,9,Смолян,285,20,280,,,,,,,2020-12-16
Bulgaria,9,Смолян,145,10,142,,,,,,,2020-12-30
Bulgaria,9,Смолян,102,7,100,,,,,,,2021-01-13
Bulgaria,9,Смолян,57,4,56,,,,,,,2021-01-27
Bulgaria,9,Смолян,58,4,57,78,16,,,,,2021-02-10
Bulgaria,9,Смолян,113,8,111,1242,113,76,10,,,2021-02-24
Bulgaria,9,Смолян,318,23,312,2458,176,89,7,,,2021-03-10
Bulgaria,9,Смолян,683,49,670,708,51,204,15,,,2021-03-24
Bulgaria,9,Смолян,660,47,648,1564,112,321,23,,,2021-04-07
Bulgaria,9,Смолян,378,27,371,2052,158,396,30,,,2021-04-21
Bulgaria,9,Смолян,202,14,198,2711,194,1794,128,,,2021-05-05
Bulgaria,9,Смолян,139,10,136,4305,308,3337,238,,,2021-05-19
Bulgaria,9,Смолян,82,6,80,2258,174,1065,82,,,2021-06-02
Bulgaria,9,Смолян,30,2,29,2381,198,1722,144,,,2021-06-16
Bulgaria,9,Смолян,22,2,22,1226,153,915,114,,,2021-06-30
Bulgaria,9,Смолян,7,1,7,1545,309,1034,207,,,2021-07-14
Bulgaria,9,Смолян,18,1,18,1039,104,644,64,,,2021-07-28
Bulgaria,9,Смолян,34,2,33,1110,101,711,65,,,2021-08-11
Bulgaria,9,Смолян,159,11,156,1028,79,695,53,,,2021-08-25
Bulgaria,9,Смолян,259,19,254,800,57,496,35,,,2021-09-08
Bulgaria,9,Смолян,261,19,256,804,57,546,39,,,2021-09-22
Bulgaria,9,Смолян,251,18,246,513,37,361,26,,,2021-10-06
Bulgaria,9,Смолян,362,26,355,358,28,208,16,5,1,2021-10-20
Bulgaria,9,Смолян,496,35,487,1299,118,673,61,58,5,2021-11-03
Bulgaria,9,Смолян,406,29,398,1822,130,975,70,287,21,2021-11-17
Bulgaria,9,Смолян,401,29,394,1856,133,1034,74,446,32,2021-12-01
Bulgaria,9,Смолян,334,24,328,1941,139,690,49,944,67,2021-12-15
Bulgaria,9,Смолян,205,15,201,1602,114,526,38,829,59,2021-12-29
Bulgaria,9,Смолян,590,42,579,3185,228,639,46,2245,160,2022-01-12
Bulgaria,9,Смолян,1582,113,1553,2284,163,287,21,1802,129,2022-01-26
Bulgaria,9,Смолян,1396,100,1370,1021,73,362,26,575,41,2022-02-09
Bulgaria,9,Смолян,502,36,493,546,39,200,14,314,22,2022-02-23
Bulgaria,9,Смолян,173,12,170,276,21,84,6,183,14,2022-03-09
Bulgaria,9,Смолян,199,14,195,178,13,-15,-1,120,9,2022-03-23
Bulgaria,9,Смолян,123,9,121,174,13,33,3,136,10,2022-04-06
Bulgaria,9,Смолян,75,5,74,132,10,10,1,120,9,2022-04-20
Bulgaria,9,Смолян,69,5,68,64,5,9,1,51,4,2022-05-04
Bulgaria,9,Смолян,49,4,48,43,4,9,1,33,3,2022-05-18
Bulgaria,9,Смолян,44,3,43,29,2,6,1,20,2,2022-06-01
Bulgaria,9,Смолян,28,2,27,58,5,10,1,47,4,2022-06-15
Bulgaria,9,Смолян,54,4,53,29,2,5,0,22,2,2022-06-29
Bulgaria,9,Смолян,73,5,72,180,13,-20909,-1494,-8333,-595,2022-07-13
Bulgaria,9,Смолян,194,14,190,260,19,179,13,0,0,2022-07-27
Bulgaria,8,София,147,15,16,,,,,,,2020-06-17
Bulgaria,8,София,400,29,31,,,,,,,2020-07-01
Bulgaria,8,София,1005,72,77,,,,,,,2020-07-15
Bulgaria,8,София,959,69,73,,,,,,,2020-07-29
Bulgaria,8,София,537,38,41,,,,,,,2020-08-12
Bulgaria,8,София,310,22,24,,,,,,,2020-08-26
Bulgaria,8,София,324,23,25,,,,,,,2020-09-09
Bulgaria,8,София,380,27,29,,,,,,,2020-09-23
Bulgaria,8,София,717,51,55,,,,,,,2020-10-07
Bulgaria,8,София,3033,217,232,,,,,,,2020-10-21
Bulgaria,8,София,11237,803,859,,,,,,,2020-11-04
Bulgaria,8,София,14893,1064,1138,,,,,,,2020-11-18
Bulgaria,8,София,9916,708,758,,,,,,,2020-12-02
Bulgaria,8,София,6323,452,483,,,,,,,2020-12-16
Bulgaria,8,София,2683,192,205,,,,,,,2020-12-30
Bulgaria,8,София,2065,148,158,,,,,,,2021-01-13
Bulgaria,8,София,1455,104,111,,,,,,,2021-01-27
Bulgaria,8,София,2428,173,186,1924,385,,,,,2021-02-10
Bulgaria,8,София,3939,281,301,31249,2232,3485,317,,,2021-02-24
Bulgaria,8,София,7223,516,552,40598,2900,5257,404,,,2021-03-10
Bulgaria,8,София,12598,900,963,25634,1831,6404,457,,,2021-03-24
Bulgaria,8,София,12584,899,962,48565,3469,11021,787,,,2021-04-07
Bulgaria,8,София,7120,509,544,43489,3106,12719,909,,,2021-04-21
Bulgaria,8,София,3330,238,255,58604,4186,29340,2096,,,2021-05-05
Bulgaria,8,София,1698,121,130,84074,6005,57310,4094,,,2021-05-19
Bulgaria,8,София,631,45,48,60300,4307,40941,2924,,,2021-06-02
Bulgaria,8,София,418,30,32,56415,4030,43148,3082,,,2021-06-16
Bulgaria,8,София,317,23,24,35035,2503,25752,1839,,,2021-06-30
Bulgaria,8,София,290,21,22,24700,1900,15858,1220,,,2021-07-14
Bulgaria,8,София,384,27,29,26148,1868,16182,1156,,,2021-07-28
Bulgaria,8,София,1326,95,101,27757,1983,16759,1197,,,2021-08-11
Bulgaria,8,София,3122,223,239,28789,2056,18812,1344,,,2021-08-25
Bulgaria,8,София,3108,222,238,27641,1974,19354,1382,,,2021-09-08
Bulgaria,8,София,3870,276,296,25122,1794,18789,1342,,,2021-09-22
Bulgaria,8,София,5647,403,432,19699,1407,13948,996,,,2021-10-06
Bulgaria,8,София,10633,760,813,18157,1397,10858,835,425,106,2021-10-20
Bulgaria,8,София,17827,1273,1362,50880,4625,31087,2826,2696,245,2021-11-03
Bulgaria,8,София,11708,836,895,58100,4150,32823,2345,8981,642,2021-11-17
Bulgaria,8,София,7827,559,598,58867,4205,33515,2394,14812,1058,2021-12-01
Bulgaria,8,София,5363,383,410,50710,3622,20847,1489,23539,1681,2021-12-15
Bulgaria,8,София,4840,346,370,35404,2529,12132,867,19614,1401,2021-12-29
Bulgaria,8,София,18146,1296,1387,57248,4089,11397,814,40937,2924,2022-01-12
Bulgaria,8,София,31791,2271,2430,42937,3067,7780,556,31519,2251,2022-01-26
Bulgaria,8,София,24488,1749,1872,22602,1614,7564,540,13833,988,2022-02-09
Bulgaria,8,София,13955,997,1067,15449,1104,5091,364,9664,690,2022-02-23
Bulgaria,8,София,6877,491,526,8420,601,2649,189,5686,406,2022-03-09
Bulgaria,8,София,5835,417,446,7037,503,-1171,-84,5031,359,2022-03-23
Bulgaria,8,София,4389,314,335,5955,425,1007,72,4603,329,2022-04-06
Bulgaria,8,София,2906,208,222,5911,422,877,63,4687,335,2022-04-20
Bulgaria,8,София,2471,177,189,3721,266,633,45,2874,205,2022-05-04
Bulgaria,8,София,1564,112,120,3143,225,624,45,2270,162,2022-05-18
Bulgaria,8,София,1004,72,77,2109,151,502,36,1448,103,2022-06-01
Bulgaria,8,София,815,58,62,1425,102,404,29,876,63,2022-06-15
Bulgaria,8,София,1453,104,111,1612,115,319,23,1137,81,2022-06-29
Bulgaria,8,София,3146,225,240,5869,419,-554463,-39605,-198055,-14147,2022-07-13
Bulgaria,8,София,5530,395,423,9091,649,5160,369,0,0,2022-07-27
Bulgaria,33,София област,50,5,29,,,,,,,2020-06-17
Bulgaria,33,София област,154,11,65,,,,,,,2020-07-01
Bulgaria,33,София област,132,9,55,,,,,,,2020-07-15
Bulgaria,33,София област,121,9,51,,,,,,,2020-07-29
Bulgaria,33,София област,48,3,20,,,,,,,2020-08-12
Bulgaria,33,София област,18,1,8,,,,,,,2020-08-26
Bulgaria,33,София област,23,2,10,,,,,,,2020-09-09
Bulgaria,33,София област,28,2,12,,,,,,,2020-09-23
Bulgaria,33,София област,28,2,12,,,,,,,2020-10-07
Bulgaria,33,София област,154,11,65,,,,,,,2020-10-21
Bulgaria,33,София област,708,51,297,,,,,,,2020-11-04
Bulgaria,33,София област,1213,87,509,,,,,,,2020-11-18
Bulgaria,33,София област,1282,92,538,,,,,,,2020-12-02
Bulgaria,33,София област,1111,79,466,,,,,,,2020-12-16
Bulgaria,33,София област,485,35,203,,,,,,,2020-12-30
Bulgaria,33,София област,287,21,120,,,,,,,2021-01-13
Bulgaria,33,София област,200,14,84,,,,,,,2021-01-27
Bulgaria,33,София област,261,19,109,150,30,,,,,2021-02-10
Bulgaria,33,София област,397,28,166,3302,236,294,27,,,2021-02-24
Bulgaria,33,София област,897,64,376,4269,305,602,46,,,2021-03-10
Bulgaria,33,София област,1792,128,751,2653,190,571,41,,,2021-03-24
Bulgaria,33,София област,1815,130,761,4796,343,425,30,,,2021-04-07
Bulgaria,33,София област,1097,78,460,3643,260,842,60,,,2021-04-21
Bulgaria,33,София област,616,44,258,8525,609,3241,232,,,2021-05-05
Bulgaria,33,София област,346,25,145,11237,803,6899,493,,,2021-05-19
Bulgaria,33,София област,130,9,55,10916,780,7673,548,,,2021-06-02
Bulgaria,33,София област,67,5,28,9216,658,6952,497,,,2021-06-16
Bulgaria,33,София област,65,5,27,5588,399,3842,274,,,2021-06-30
Bulgaria,33,София област,65,5,27,4536,349,2686,207,,,2021-07-14
Bulgaria,33,София област,56,4,23,4757,340,2601,186,,,2021-07-28
Bulgaria,33,София област,133,10,56,5692,407,3041,217,,,2021-08-11
Bulgaria,33,София област,340,24,143,5582,399,3358,240,,,2021-08-25
Bulgaria,33,София област,495,35,208,5396,385,3479,249,,,2021-09-08
Bulgaria,33,София област,853,61,358,4648,332,3245,232,,,2021-09-22
Bulgaria,33,София област,1035,74,434,3245,232,2230,159,,,2021-10-06
Bulgaria,33,София област,1583,113,664,2415,186,1379,106,48,12,2021-10-20
Bulgaria,33,София област,2354,168,987,5832,530,3096,281,236,21,2021-11-03
Bulgaria,33,София област,1825,130,765,8296,593,4313,308,993,71,2021-11-17
Bulgaria,33,София област,1381,99,579,8558,611,4657,333,2079,149,2021-12-01
Bulgaria,33,София област,1064,76,446,7876,563,3049,218,3665,262,2021-12-15
Bulgaria,33,София област,837,60,351,5413,387,1656,118,3050,218,2021-12-29
Bulgaria,33,София област,2053,147,861,9042,646,1621,116,6585,470,2022-01-12
Bulgaria,33,София област,4677,334,1961,8121,580,981,70,6380,456,2022-01-26
Bulgaria,33,София област,4213,301,1767,4316,308,1220,87,2774,198,2022-02-09
Bulgaria,33,София област,2009,144,842,2552,182,829,59,1540,110,2022-02-23
Bulgaria,33,София област,818,58,343,1337,96,375,27,886,63,2022-03-09
Bulgaria,33,София област,638,46,268,949,68,-101,-7,668,48,2022-03-23
Bulgaria,33,София област,427,31,179,654,47,107,8,508,36,2022-04-06
Bulgaria,33,София област,280,20,117,509,36,54,4,428,31,2022-04-20
Bulgaria,33,София област,303,22,127,201,14,43,3,141,10,2022-05-04
Bulgaria,33,София област,210,15,88,276,20,38,3,221,16,2022-05-18
Bulgaria,33,София област,112,8,47,142,10,17,1,116,8,2022-06-01
Bulgaria,33,София област,65,5,27,75,6,11,1,57,4,2022-06-15
Bulgaria,33,София област,132,9,55,85,6,10,1,66,5,2022-06-29
Bulgaria,33,София област,302,22,127,163,12,-77981,-5570,-30747,-2196,2022-07-13
Bulgaria,33,София област,676,48,283,512,37,339,24,0,0,2022-07-27
Bulgaria,20,Стара Загора,47,5,21,,,,,,,2020-06-17
Bulgaria,20,Стара Загора,35,3,11,,,,,,,2020-07-01
Bulgaria,20,Стара Загора,57,4,18,,,,,,,2020-07-15
Bulgaria,20,Стара Загора,78,6,25,,,,,,,2020-07-29
Bulgaria,20,Стара Загора,78,6,25,,,,,,,2020-08-12
Bulgaria,20,Стара Загора,68,5,22,,,,,,,2020-08-26
Bulgaria,20,Стара Загора,89,6,29,,,,,,,2020-09-09
Bulgaria,20,Стара Загора,122,9,39,,,,,,,2020-09-23
Bulgaria,20,Стара Загора,195,14,63,,,,,,,2020-10-07
Bulgaria,20,Стара Загора,395,28,127,,,,,,,2020-10-21
Bulgaria,20,Стара Загора,972,69,312,,,,,,,2020-11-04
Bulgaria,20,Стара Загора,1838,131,590,,,,,,,2020-11-18
Bulgaria,20,Стара Загора,2389,171,767,,,,,,,2020-12-02
Bulgaria,20,Стара Загора,1844,132,592,,,,,,,2020-12-16
Bulgaria,20,Стара Загора,635,45,204,,,,,,,2020-12-30
Bulgaria,20,Стара Загора,485,35,156,,,,,,,2021-01-13
Bulgaria,20,Стара Загора,269,19,86,,,,,,,2021-01-27
Bulgaria,20,Стара Загора,289,21,93,152,38,,,,,2021-02-10
Bulgaria,20,Стара Загора,452,32,145,2440,174,246,22,,,2021-02-24
Bulgaria,20,Стара Загора,900,64,289,5685,406,764,59,,,2021-03-10
Bulgaria,20,Стара Загора,1617,116,519,2512,179,694,50,,,2021-03-24
Bulgaria,20,Стара Загора,2074,148,666,4496,321,746,53,,,2021-04-07
Bulgaria,20,Стара Загора,1446,103,464,4350,311,393,28,,,2021-04-21
Bulgaria,20,Стара Загора,699,50,224,6839,489,3816,273,,,2021-05-05
Bulgaria,20,Стара Загора,500,36,161,11913,916,8090,622,,,2021-05-19
Bulgaria,20,Стара Загора,170,12,55,8282,690,4402,367,,,2021-06-02
Bulgaria,20,Стара Загора,101,7,32,8886,684,5666,436,,,2021-06-16
Bulgaria,20,Стара Загора,32,2,10,6689,608,4257,387,,,2021-06-30
Bulgaria,20,Стара Загора,57,4,18,5621,432,3365,259,,,2021-07-14
Bulgaria,20,Стара Загора,66,5,21,5158,469,3023,275,,,2021-07-28
Bulgaria,20,Стара Загора,246,18,79,5302,379,2991,214,,,2021-08-11
Bulgaria,20,Стара Загора,690,49,222,5079,363,2899,207,,,2021-08-25
Bulgaria,20,Стара Загора,896,64,288,4568,326,2943,210,,,2021-09-08
Bulgaria,20,Стара Загора,1084,77,348,4169,298,2882,206,,,2021-09-22
Bulgaria,20,Стара Загора,1166,83,374,2612,187,1688,121,,,2021-10-06
Bulgaria,20,Стара Загора,1948,139,626,2259,174,1177,91,59,15,2021-10-20
Bulgaria,20,Стара Загора,2896,207,930,5059,460,2338,213,270,25,2021-11-03
Bulgaria,20,Стара Загора,2189,156,703,7582,542,3788,271,947,68,2021-11-17
Bulgaria,20,Стара Загора,1444,103,464,7590,542,4294,307,1682,120,2021-12-01
Bulgaria,20,Стара Загора,1128,81,362,7207,515,2877,206,3268,233,2021-12-15
Bulgaria,20,Стара Загора,822,59,264,4860,347,1617,116,2563,183,2021-12-29
Bulgaria,20,Стара Загора,2026,145,651,10521,752,1773,127,7755,554,2022-01-12
Bulgaria,20,Стара Загора,5523,395,1774,8208,586,1154,82,6253,447,2022-01-26
Bulgaria,20,Стара Загора,6250,446,2007,4186,299,1318,94,2528,181,2022-02-09
Bulgaria,20,Стара Загора,3215,230,1032,2491,178,854,61,1476,105,2022-02-23
Bulgaria,20,Стара Загора,1194,85,383,1200,86,340,24,815,58,2022-03-09
Bulgaria,20,Стара Загора,913,65,293,829,59,-141,-10,571,41,2022-03-23
Bulgaria,20,Стара Загора,577,41,185,570,41,122,9,416,30,2022-04-06
Bulgaria,20,Стара Загора,293,21,94,536,38,74,5,427,31,2022-04-20
Bulgaria,20,Стара Загора,336,24,108,267,19,50,4,201,14,2022-05-04
Bulgaria,20,Стара Загора,201,14,65,271,21,50,4,197,15,2022-05-18
Bulgaria,20,Стара Загора,137,10,44,224,16,48,3,159,11,2022-06-01
Bulgaria,20,Стара Загора,86,6,28,141,12,31,3,99,8,2022-06-15
Bulgaria,20,Стара Загора,107,8,34,190,15,25,2,156,12,2022-06-29
Bulgaria,20,Стара Загора,321,23,103,942,67,-72691,-5192,-30216,-2158,2022-07-13
Bulgaria,20,Стара Загора,1002,72,322,1471,105,955,68,0,0,2022-07-27
Bulgaria,32,Търговище,4,0,5,,,,,,,2020-06-17
Bulgaria,32,Търговище,4,0,4,,,,,,,2020-07-01
Bulgaria,32,Търговище,10,1,9,,,,,,,2020-07-15
Bulgaria,32,Търговище,6,0,5,,,,,,,2020-07-29
Bulgaria,32,Търговище,13,1,12,,,,,,,2020-08-12
Bulgaria,32,Търговище,22,2,20,,,,,,,2020-08-26
Bulgaria,32,Търговище,18,1,16,,,,,,,2020-09-09
Bulgaria,32,Търговище,31,2,28,,,,,,,2020-09-23
Bulgaria,32,Търговище,144,10,131,,,,,,,2020-10-07
Bulgaria,32,Търговище,360,26,327,,,,,,,2020-10-21
Bulgaria,32,Търговище,531,38,483,,,,,,,2020-11-04
Bulgaria,32,Търговище,397,28,361,,,,,,,2020-11-18
Bulgaria,32,Търговище,240,17,218,,,,,,,2020-12-02
Bulgaria,32,Търговище,213,15,194,,,,,,,2020-12-16
Bulgaria,32,Търговище,181,13,165,,,,,,,2020-12-30
Bulgaria,32,Търговище,85,6,77,,,,,,,2021-01-13
Bulgaria,32,Търговище,41,3,37,,,,,,,2021-01-27
Bulgaria,32,Търговище,27,2,25,30,10,,,,,2021-02-10
Bulgaria,32,Търговище,31,2,28,966,81,97,10,,,2021-02-24
Bulgaria,32,Търговище,61,4,55,2584,215,287,26,,,2021-03-10
Bulgaria,32,Търговище,216,15,196,1653,118,698,50,,,2021-03-24
Bulgaria,32,Търговище,482,34,438,1381,99,582,42,,,2021-04-07
Bulgaria,32,Търговище,372,27,338,1934,138,236,17,,,2021-04-21
Bulgaria,32,Търговище,268,19,244,2067,148,1002,72,,,2021-05-05
Bulgaria,32,Търговище,162,12,147,3995,307,3151,242,,,2021-05-19
Bulgaria,32,Търговище,64,5,58,2220,171,1253,96,,,2021-06-02
Bulgaria,32,Търговище,30,2,27,2253,250,1457,162,,,2021-06-16
Bulgaria,32,Търговище,12,1,11,1600,229,861,123,,,2021-06-30
Bulgaria,32,Търговище,8,1,7,1572,225,911,130,,,2021-07-14
Bulgaria,32,Търговище,23,2,21,1366,114,745,62,,,2021-07-28
Bulgaria,32,Търговище,76,5,69,1542,119,779,60,,,2021-08-11
Bulgaria,32,Търговище,390,28,354,1551,111,760,54,,,2021-08-25
Bulgaria,32,Търговище,584,42,531,1533,110,854,61,,,2021-09-08
Bulgaria,32,Търговище,480,34,436,1551,111,919,66,,,2021-09-22
Bulgaria,32,Търговище,390,28,354,991,71,660,47,,,2021-10-06
Bulgaria,32,Търговище,401,29,364,713,55,317,24,19,5,2021-10-20
Bulgaria,32,Търговище,541,39,492,1599,145,555,50,133,12,2021-11-03
Bulgaria,32,Търговище,439,31,399,2426,173,1207,86,385,28,2021-11-17
Bulgaria,32,Търговище,353,25,321,2684,192,1246,89,822,59,2021-12-01
Bulgaria,32,Търговище,311,22,283,2273,162,774,55,1051,75,2021-12-15
Bulgaria,32,Търговище,190,14,173,1700,121,551,39,827,59,2021-12-29
Bulgaria,32,Търговище,324,23,294,2913,208,588,42,1864,133,2022-01-12
Bulgaria,32,Търговище,610,44,554,3079,220,327,23,2299,164,2022-01-26
Bulgaria,32,Търговище,991,71,901,1455,104,584,42,678,48,2022-02-09
Bulgaria,32,Търговище,1137,81,1033,761,54,303,22,368,26,2022-02-23
Bulgaria,32,Търговище,472,34,429,417,30,168,12,206,15,2022-03-09
Bulgaria,32,Търговище,326,23,296,214,15,56,4,125,9,2022-03-23
Bulgaria,32,Търговище,207,15,188,114,8,33,2,70,5,2022-04-06
Bulgaria,32,Търговище,80,6,73,122,9,21,2,95,7,2022-04-20
Bulgaria,32,Търговище,41,3,37,49,4,6,0,37,3,2022-05-04
Bulgaria,32,Търговище,29,2,26,68,6,12,1,51,5,2022-05-18
Bulgaria,32,Търговище,25,2,23,15,2,3,0,11,1,2022-06-01
Bulgaria,32,Търговище,9,1,8,40,5,7,1,31,4,2022-06-15
Bulgaria,32,Търговище,30,2,27,36,3,6,0,29,2,2022-06-29
Bulgaria,32,Търговище,71,5,65,188,13,-22605,-1615,-9328,-666,2022-07-13
Bulgaria,32,Търговище,158,11,144,459,33,326,23,0,0,2022-07-27
Bulgaria,22,Хасково,7,1,4,,,,,,,2020-06-17
Bulgaria,22,Хасково,3,0,1,,,,,,,2020-07-01
Bulgaria,22,Хасково,8,1,4,,,,,,,2020-07-15
Bulgaria,22,Хасково,34,2,15,,,,,,,2020-07-29
Bulgaria,22,Хасково,29,2,13,,,,,,,2020-08-12
Bulgaria,22,Хасково,47,3,21,,,,,,,2020-08-26
Bulgaria,22,Хасково,54,4,24,,,,,,,2020-09-09
Bulgaria,22,Хасково,31,2,14,,,,,,,2020-09-23
Bulgaria,22,Хасково,47,3,21,,,,,,,2020-10-07
Bulgaria,22,Хасково,129,9,58,,,,,,,2020-10-21
Bulgaria,22,Хасково,397,28,178,,,,,,,2020-11-04
Bulgaria,22,Хасково,716,51,320,,,,,,,2020-11-18
Bulgaria,22,Хасково,951,68,425,,,,,,,2020-12-02
Bulgaria,22,Хасково,852,61,381,,,,,,,2020-12-16
Bulgaria,22,Хасково,538,38,241,,,,,,,2020-12-30
Bulgaria,22,Хасково,353,25,158,,,,,,,2021-01-13
Bulgaria,22,Хасково,276,20,123,,,,,,,2021-01-27
Bulgaria,22,Хасково,350,25,157,0,0,,,,,2021-02-10
Bulgaria,22,Хасково,531,38,237,1799,138,98,10,,,2021-02-24
Bulgaria,22,Хасково,803,57,359,4814,344,339,26,,,2021-03-10
Bulgaria,22,Хасково,1182,84,529,2311,165,826,59,,,2021-03-24
Bulgaria,22,Хасково,1155,83,516,3172,244,942,72,,,2021-04-07
Bulgaria,22,Хасково,727,52,325,5271,377,1031,74,,,2021-04-21
Bulgaria,22,Хасково,319,23,143,4293,330,2186,168,,,2021-05-05
Bulgaria,22,Хасково,177,13,79,9486,678,7261,519,,,2021-05-19
Bulgaria,22,Хасково,81,6,36,5207,372,3056,218,,,2021-06-02
Bulgaria,22,Хасково,40,3,18,5106,426,3305,275,,,2021-06-16
Bulgaria,22,Хасково,17,1,8,3781,540,2599,371,,,2021-06-30
Bulgaria,22,Хасково,15,1,7,2729,455,1628,271,,,2021-07-14
Bulgaria,22,Хасково,38,3,17,3174,289,1717,156,,,2021-07-28
Bulgaria,22,Хасково,168,12,75,3125,223,1688,121,,,2021-08-11
Bulgaria,22,Хасково,557,40,249,2977,213,1523,109,,,2021-08-25
Bulgaria,22,Хасково,625,45,279,3274,234,1847,132,,,2021-09-08
Bulgaria,22,Хасково,609,44,272,3103,222,2023,145,,,2021-09-22
Bulgaria,22,Хасково,538,38,241,2410,172,1605,115,,,2021-10-06
Bulgaria,22,Хасково,673,48,301,1862,143,1071,82,26,7,2021-10-20
Bulgaria,22,Хасково,1347,96,602,3552,323,1730,157,156,14,2021-11-03
Bulgaria,22,Хасково,1292,92,578,5091,364,2608,186,598,43,2021-11-17
Bulgaria,22,Хасково,1107,79,495,5293,378,2766,198,1324,95,2021-12-01
Bulgaria,22,Хасково,773,55,346,5159,369,2010,144,2207,158,2021-12-15
Bulgaria,22,Хасково,534,38,239,3513,251,1261,90,1737,124,2021-12-29
Bulgaria,22,Хасково,1215,87,543,6776,484,1276,91,4693,335,2022-01-12
Bulgaria,22,Хасково,2268,162,1014,6076,434,801,57,4620,330,2022-01-26
Bulgaria,22,Хасково,2800,200,1252,2951,211,1013,72,1716,123,2022-02-09
Bulgaria,22,Хасково,1596,114,714,1690,121,592,42,969,69,2022-02-23
Bulgaria,22,Хасково,640,46,286,803,57,237,17,525,38,2022-03-09
Bulgaria,22,Хасково,500,36,224,602,43,-44,-3,395,28,2022-03-23
Bulgaria,22,Хасково,506,36,226,394,28,72,5,288,21,2022-04-06
Bulgaria,22,Хасково,231,17,103,404,29,71,5,305,22,2022-04-20
Bulgaria,22,Хасково,150,11,67,170,12,24,2,138,10,2022-05-04
Bulgaria,22,Хасково,110,8,49,207,15,40,3,157,11,2022-05-18
Bulgaria,22,Хасково,51,4,23,105,8,22,2,73,6,2022-06-01
Bulgaria,22,Хасково,44,3,20,60,5,14,1,43,4,2022-06-15
Bulgaria,22,Хасково,67,5,30,99,8,8,1,88,7,2022-06-29
Bulgaria,22,Хасково,201,14,90,370,28,-50486,-3884,-20307,-1562,2022-07-13
Bulgaria,22,Хасково,560,40,250,679,49,399,29,0,0,2022-07-27
Bulgaria,15,Шумен,86,9,70,,,,,,,2020-06-17
Bulgaria,15,Шумен,35,3,20,,,,,,,2020-07-01
Bulgaria,15,Шумен,19,1,11,,,,,,,2020-07-15
Bulgaria,15,Шумен,14,1,8,,,,,,,2020-07-29
Bulgaria,15,Шумен,26,2,15,,,,,,,2020-08-12
Bulgaria,15,Шумен,64,5,37,,,,,,,2020-08-26
Bulgaria,15,Шумен,32,2,19,,,,,,,2020-09-09
Bulgaria,15,Шумен,33,2,19,,,,,,,2020-09-23
Bulgaria,15,Шумен,74,5,43,,,,,,,2020-10-07
Bulgaria,15,Шумен,296,21,172,,,,,,,2020-10-21
Bulgaria,15,Шумен,829,59,483,,,,,,,2020-11-04
Bulgaria,15,Шумен,886,63,516,,,,,,,2020-11-18
Bulgaria,15,Шумен,729,52,424,,,,,,,2020-12-02
Bulgaria,15,Шумен,692,49,403,,,,,,,2020-12-16
Bulgaria,15,Шумен,355,25,207,,,,,,,2020-12-30
Bulgaria,15,Шумен,291,21,169,,,,,,,2021-01-13
Bulgaria,15,Шумен,192,14,112,,,,,,,2021-01-27
Bulgaria,15,Шумен,271,19,158,85,21,,,,,2021-02-10
Bulgaria,15,Шумен,493,35,287,1946,162,142,16,,,2021-02-24
Bulgaria,15,Шумен,875,63,509,2955,227,635,53,,,2021-03-10
Bulgaria,15,Шумен,1184,85,689,1948,139,498,36,,,2021-03-24
Bulgaria,15,Шумен,1043,75,607,2301,164,500,36,,,2021-04-07
Bulgaria,15,Шумен,659,47,384,2778,198,577,41,,,2021-04-21
Bulgaria,15,Шумен,285,20,166,3186,245,1352,104,,,2021-05-05
Bulgaria,15,Шумен,184,13,107,6025,502,4410,368,,,2021-05-19
Bulgaria,15,Шумен,72,5,42,4200,350,2416,201,,,2021-06-02
Bulgaria,15,Шумен,57,4,33,4248,327,2838,218,,,2021-06-16
Bulgaria,15,Шумен,9,1,5,2281,456,1364,273,,,2021-06-30
Bulgaria,15,Шумен,8,1,5,3538,708,1945,389,,,2021-07-14
Bulgaria,15,Шумен,15,1,9,3586,512,1977,282,,,2021-07-28
Bulgaria,15,Шумен,102,7,59,3186,245,1690,130,,,2021-08-11
Bulgaria,15,Шумен,374,27,218,3311,237,1939,139,,,2021-08-25
Bulgaria,15,Шумен,448,32,261,2943,210,1791,128,,,2021-09-08
Bulgaria,15,Шумен,464,33,270,2820,201,1864,133,,,2021-09-22
Bulgaria,15,Шумен,398,28,232,1687,130,1064,82,,,2021-10-06
Bulgaria,15,Шумен,486,35,283,1334,103,820,63,14,4,2021-10-20
Bulgaria,15,Шумен,1020,73,594,2720,247,1470,134,110,10,2021-11-03
Bulgaria,15,Шумен,876,63,510,3723,266,1875,134,451,32,2021-11-17
Bulgaria,15,Шумен,552,39,321,4160,297,2144,153,978,70,2021-12-01
Bulgaria,15,Шумен,403,29,235,4060,290,1474,105,1805,129,2021-12-15
Bulgaria,15,Шумен,331,24,193,3383,242,1087,78,1750,125,2021-12-29
Bulgaria,15,Шумен,686,49,399,5522,394,1116,80,3750,268,2022-01-12
Bulgaria,15,Шумен,1144,82,666,4669,334,641,46,3307,236,2022-01-26
Bulgaria,15,Шумен,1797,128,1046,2479,177,935,67,1236,88,2022-02-09
Bulgaria,15,Шумен,1595,114,929,1343,96,536,38,694,50,2022-02-23
Bulgaria,15,Шумен,937,67,545,637,46,274,20,322,23,2022-03-09
Bulgaria,15,Шумен,785,56,457,338,24,-22,-2,228,16,2022-03-23
Bulgaria,15,Шумен,436,31,254,234,17,52,4,160,11,2022-04-06
Bulgaria,15,Шумен,205,15,119,191,14,25,2,155,11,2022-04-20
Bulgaria,15,Шумен,118,8,69,88,6,18,1,67,5,2022-05-04
Bulgaria,15,Шумен,82,6,48,96,7,24,2,68,5,2022-05-18
Bulgaria,15,Шумен,36,3,21,71,5,10,1,50,4,2022-06-01
Bulgaria,15,Шумен,17,1,10,24,2,2,0,20,2,2022-06-15
Bulgaria,15,Шумен,40,3,23,79,6,10,1,61,5,2022-06-29
Bulgaria,15,Шумен,118,8,69,286,24,-40641,-3387,-15433,-1286,2022-07-13
Bulgaria,15,Шумен,277,20,161,691,49,458,33,0,0,2022-07-27
Bulgaria,30,Ямбол,7,1,8,,,,,,,2020-06-17
Bulgaria,30,Ямбол,21,2,18,,,,,,,2020-07-01
Bulgaria,30,Ямбол,16,1,14,,,,,,,2020-07-15
Bulgaria,30,Ямбол,38,3,33,,,,,,,2020-07-29
Bulgaria,30,Ямбол,34,2,29,,,,,,,2020-08-12
Bulgaria,30,Ямбол,39,3,33,,,,,,,2020-08-26
Bulgaria,30,Ямбол,28,2,24,,,,,,,2020-09-09
Bulgaria,30,Ямбол,54,4,46,,,,,,,2020-09-23
Bulgaria,30,Ямбол,93,7,80,,,,,,,2020-10-07
Bulgaria,30,Ямбол,107,8,92,,,,,,,2020-10-21
Bulgaria,30,Ямбол,258,18,221,,,,,,,2020-11-04
Bulgaria,30,Ямбол,609,44,523,,,,,,,2020-11-18
Bulgaria,30,Ямбол,927,66,796,,,,,,,2020-12-02
Bulgaria,30,Ямбол,775,55,665,,,,,,,2020-12-16
Bulgaria,30,Ямбол,326,23,280,,,,,,,2020-12-30
Bulgaria,30,Ямбол,165,12,142,,,,,,,2021-01-13
Bulgaria,30,Ямбол,76,5,65,,,,,,,2021-01-27
Bulgaria,30,Ямбол,183,13,157,96,19,,,,,2021-02-10
Bulgaria,30,Ямбол,228,16,196,1266,97,96,10,,,2021-02-24
Bulgaria,30,Ямбол,394,28,338,2772,198,267,21,,,2021-03-10
Bulgaria,30,Ямбол,720,51,618,1654,118,629,45,,,2021-03-24
Bulgaria,30,Ямбол,712,51,611,2123,152,344,25,,,2021-04-07
Bulgaria,30,Ямбол,418,30,359,2761,197,941,67,,,2021-04-21
Bulgaria,30,Ямбол,220,16,189,2471,177,1267,91,,,2021-05-05
Bulgaria,30,Ямбол,163,12,140,5118,394,3902,300,,,2021-05-19
Bulgaria,30,Ямбол,85,6,73,2800,215,1647,127,,,2021-06-02
Bulgaria,30,Ямбол,39,3,33,2990,272,1921,175,,,2021-06-16
Bulgaria,30,Ямбол,11,1,9,1476,246,1024,171,,,2021-06-30
Bulgaria,30,Ямбол,7,1,6,1985,496,1215,304,,,2021-07-14
Bulgaria,30,Ямбол,12,1,10,1521,217,879,126,,,2021-07-28
Bulgaria,30,Ямбол,62,4,53,1551,129,830,69,,,2021-08-11
Bulgaria,30,Ямбол,288,21,247,1539,110,915,65,,,2021-08-25
Bulgaria,30,Ямбол,403,29,346,1744,125,1057,76,,,2021-09-08
Bulgaria,30,Ямбол,505,36,434,1403,100,957,68,,,2021-09-22
Bulgaria,30,Ямбол,507,36,435,1228,88,766,55,,,2021-10-06
Bulgaria,30,Ямбол,641,46,550,1009,78,509,39,19,5,2021-10-20
Bulgaria,30,Ямбол,916,65,786,2431,221,993,90,190,17,2021-11-03
Bulgaria,30,Ямбол,660,47,567,3466,248,1712,122,473,34,2021-11-17
Bulgaria,30,Ямбол,389,28,334,3754,268,2000,143,955,68,2021-12-01
Bulgaria,30,Ямбол,279,20,240,3255,233,1209,86,1511,108,2021-12-15
Bulgaria,30,Ямбол,208,15,179,2295,164,792,57,1174,84,2021-12-29
Bulgaria,30,Ямбол,623,45,535,4545,325,791,57,3203,229,2022-01-12
Bulgaria,30,Ямбол,1120,80,961,2946,210,381,27,2164,155,2022-01-26
Bulgaria,30,Ямбол,1625,116,1395,1643,117,659,47,804,57,2022-02-09
Bulgaria,30,Ямбол,1015,73,871,835,60,329,24,412,29,2022-02-23
Bulgaria,30,Ямбол,485,35,416,356,25,136,10,193,14,2022-03-09
Bulgaria,30,Ямбол,506,36,434,265,19,41,3,168,12,2022-03-23
Bulgaria,30,Ямбол,418,30,359,157,11,37,3,107,8,2022-04-06
Bulgaria,30,Ямбол,204,15,175,167,13,30,2,129,10,2022-04-20
Bulgaria,30,Ямбол,115,8,99,96,7,19,1,68,5,2022-05-04
Bulgaria,30,Ямбол,69,5,59,96,8,15,1,79,7,2022-05-18
Bulgaria,30,Ямбол,38,3,33,76,6,14,1,59,5,2022-06-01
Bulgaria,30,Ямбол,30,2,26,44,4,5,0,34,3,2022-06-15
Bulgaria,30,Ямбол,60,4,52,75,7,5,0,68,6,2022-06-29
Bulgaria,30,Ямбол,133,10,114,445,34,-28784,-2214,-11990,-922,2022-07-13
Bulgaria,30,Ямбол,310,22,266,812,58,553,40,0,0,2022-07-27
